episode,reward,steps,score,win,epsilon
0,-300.6,2.0,0.0,False,0.995
1,-299.8,6.0,0.0,False,0.99
2,-301.15,3.0,0.0,False,0.985
3,-301.15,3.0,0.0,False,0.98
4,-299.1,2.0,0.0,False,0.975
5,-189.3,6.0,1.0,False,0.97
6,-186.1,22.0,1.0,False,0.966
7,-188.75,5.0,1.0,False,0.961
8,-300.2,4.0,0.0,False,0.956
9,-301.15,3.0,0.0,False,0.951
10,-300.2,4.0,0.0,False,0.946
11,-190.1,2.0,1.0,False,0.942
12,-300.6,2.0,0.0,False,0.937
13,-299.55,11.0,0.0,False,0.932
14,-301.15,3.0,0.0,False,0.928
15,-187.95,9.0,1.0,False,0.923
16,-299.1,2.0,0.0,False,0.918
17,-300.35,7.0,0.0,False,0.914
18,-187.0,10.0,1.0,False,0.909
19,70.146,4.0,3.0,False,0.905
20,-301.15,3.0,0.0,False,0.9
21,-189.15,3.0,1.0,False,0.896
22,-299.95,9.0,0.0,False,0.891
23,-299.1,2.0,0.0,False,0.887
24,-189.45,9.0,1.0,False,0.882
25,-300.6,2.0,0.0,False,0.878
26,-299.65,3.0,0.0,False,0.873
27,-299.65,3.0,0.0,False,0.869
28,-188.9,8.0,1.0,False,0.865
29,-189.45,9.0,1.0,False,0.86
30,-299.25,5.0,0.0,False,0.856
31,-189.3,6.0,1.0,False,0.852
32,-190.25,5.0,1.0,False,0.848
33,-300.6,2.0,0.0,False,0.843
34,-190.25,5.0,1.0,False,0.839
35,-300.6,2.0,0.0,False,0.835
36,-299.1,2.0,0.0,False,0.831
37,-187.25,5.0,1.0,False,0.827
38,-189.3,6.0,1.0,False,0.822
39,-299.65,3.0,0.0,False,0.818
40,-190.1,2.0,1.0,False,0.814
41,-189.7,4.0,1.0,False,0.81
42,-187.95,9.0,1.0,False,0.806
43,-299.4,8.0,0.0,False,0.802
44,-299.25,5.0,0.0,False,0.798
45,-189.15,3.0,1.0,False,0.794
46,-190.1,2.0,1.0,False,0.79
47,-299.1,2.0,0.0,False,0.786
48,-189.15,3.0,1.0,False,0.782
49,-66.226,4.0,2.0,False,0.778
50,-188.75,5.0,1.0,False,0.774
51,-299.65,3.0,0.0,False,0.771
52,-299.4,8.0,0.0,False,0.767
53,-300.6,2.0,0.0,False,0.763
54,-190.25,5.0,1.0,False,0.759
55,-190.65,3.0,1.0,False,0.755
56,-189.85,7.0,1.0,False,0.751
57,-298.7,4.0,0.0,False,0.748
58,-189.3,6.0,1.0,False,0.744
59,-190.1,2.0,1.0,False,0.74
60,-190.65,3.0,1.0,False,0.737
61,-300.6,2.0,0.0,False,0.733
62,-300.6,2.0,0.0,False,0.729
63,-299.4,8.0,0.0,False,0.726
64,-300.6,2.0,0.0,False,0.722
65,-188.35,7.0,1.0,False,0.718
66,-189.7,4.0,1.0,False,0.715
67,-190.25,5.0,1.0,False,0.711
68,-65.426,8.0,2.0,False,0.708
69,-300.6,2.0,0.0,False,0.704
70,-298.3,6.0,0.0,False,0.701
71,-66.776,5.0,2.0,False,0.697
72,-189.7,4.0,1.0,False,0.694
73,-67.176,3.0,2.0,False,0.69
74,-64.876,7.0,2.0,False,0.687
75,-189.7,4.0,1.0,False,0.683
76,-190.65,3.0,1.0,False,0.68
77,-298.7,4.0,0.0,False,0.676
78,-189.15,3.0,1.0,False,0.673
79,-298.85,7.0,0.0,False,0.67
80,-299.65,3.0,0.0,False,0.666
81,-190.1,2.0,1.0,False,0.663
82,-65.426,8.0,2.0,False,0.66
83,-189.15,3.0,1.0,False,0.656
84,-67.176,3.0,2.0,False,0.653
85,-189.15,3.0,1.0,False,0.65
86,-189.15,3.0,1.0,False,0.647
87,-300.2,4.0,0.0,False,0.643
88,-299.25,5.0,0.0,False,0.64
89,-189.85,7.0,1.0,False,0.637
90,-300.6,2.0,0.0,False,0.634
91,-301.15,3.0,0.0,False,0.631
92,-188.9,8.0,1.0,False,0.627
93,-299.1,2.0,0.0,False,0.624
94,-189.15,3.0,1.0,False,0.621
95,-67.176,3.0,2.0,False,0.618
96,-188.1,12.0,1.0,False,0.615
97,-189.15,3.0,1.0,False,0.612
98,-298.85,7.0,0.0,False,0.609
99,-299.1,2.0,0.0,False,0.606
100,-190.65,3.0,1.0,False,0.603
101,-189.15,3.0,1.0,False,0.6
102,-189.15,3.0,1.0,False,0.597
103,-299.1,2.0,0.0,False,0.594
104,-300.2,4.0,0.0,False,0.591
105,-188.75,5.0,1.0,False,0.588
106,-299.65,3.0,0.0,False,0.585
107,-299.4,8.0,0.0,False,0.582
108,71.096,5.0,3.0,False,0.579
109,-67.176,3.0,2.0,False,0.576
110,-190.25,5.0,1.0,False,0.573
111,-188.2,4.0,1.0,False,0.57
112,-188.75,5.0,1.0,False,0.568
113,-301.15,3.0,0.0,False,0.565
114,-299.1,2.0,0.0,False,0.562
115,-64.876,7.0,2.0,False,0.559
116,-299.1,2.0,0.0,False,0.556
117,-64.476,9.0,2.0,False,0.554
118,-189.15,3.0,1.0,False,0.551
119,-187.55,11.0,1.0,False,0.548
120,-189.15,3.0,1.0,False,0.545
121,493.163,9.0,5.0,False,0.543
122,-189.85,7.0,1.0,False,0.54
123,-300.6,2.0,0.0,False,0.537
124,-188.2,4.0,1.0,False,0.534
125,-300.6,2.0,0.0,False,0.532
126,-189.7,4.0,1.0,False,0.529
127,-66.376,7.0,2.0,False,0.526
128,73.396,9.0,3.0,False,0.524
129,-188.5,10.0,1.0,False,0.521
130,-189.15,3.0,1.0,False,0.519
131,-188.1,12.0,1.0,False,0.516
132,-299.65,3.0,0.0,False,0.513
133,-299.1,2.0,0.0,False,0.511
134,-189.15,3.0,1.0,False,0.508
135,-189.15,3.0,1.0,False,0.506
136,-299.1,2.0,0.0,False,0.503
137,-188.75,5.0,1.0,False,0.501
138,-189.15,3.0,1.0,False,0.498
139,-190.1,2.0,1.0,False,0.496
140,-300.2,4.0,0.0,False,0.493
141,-189.15,3.0,1.0,False,0.491
142,-64.326,6.0,2.0,False,0.488
143,-300.75,5.0,0.0,False,0.486
144,73.096,15.0,3.0,False,0.483
145,-64.876,7.0,2.0,False,0.481
146,-188.75,5.0,1.0,False,0.479
147,-189.15,3.0,1.0,False,0.476
148,-63.926,8.0,2.0,False,0.474
149,-300.6,2.0,0.0,False,0.471
150,-63.126,12.0,2.0,False,0.469
151,-63.926,8.0,2.0,False,0.467
152,71.096,5.0,3.0,False,0.464
153,74.596,15.0,3.0,False,0.462
154,-299.65,3.0,0.0,False,0.46
155,-63.926,8.0,2.0,False,0.458
156,-299.1,2.0,0.0,False,0.455
157,-64.326,6.0,2.0,False,0.453
158,-66.376,7.0,2.0,False,0.451
159,-299.65,3.0,0.0,False,0.448
160,-64.326,6.0,2.0,False,0.446
161,-187.95,9.0,1.0,False,0.444
162,-64.876,7.0,2.0,False,0.442
163,-187.4,8.0,1.0,False,0.44
164,-63.426,18.0,2.0,False,0.437
165,-190.65,3.0,1.0,False,0.435
166,74.346,10.0,3.0,False,0.433
167,-298.7,4.0,0.0,False,0.431
168,-187.15,13.0,1.0,False,0.429
169,-188.75,5.0,1.0,False,0.427
170,-64.326,6.0,2.0,False,0.424
171,-64.876,7.0,2.0,False,0.422
172,-189.15,3.0,1.0,False,0.42
173,-189.3,6.0,1.0,False,0.418
174,-66.226,4.0,2.0,False,0.416
175,-190.1,2.0,1.0,False,0.414
176,-65.826,6.0,2.0,False,0.412
177,228.026,12.0,4.0,False,0.41
178,-66.376,7.0,2.0,False,0.408
179,-66.376,7.0,2.0,False,0.406
180,-189.7,4.0,1.0,False,0.404
181,-188.75,5.0,1.0,False,0.402
182,-62.976,9.0,2.0,False,0.4
183,-188.75,5.0,1.0,False,0.398
184,-188.5,10.0,1.0,False,0.396
185,-63.926,8.0,2.0,False,0.394
186,-64.076,11.0,2.0,False,0.392
187,-298.7,4.0,0.0,False,0.39
188,-299.1,2.0,0.0,False,0.388
189,-65.276,5.0,2.0,False,0.386
190,-298.85,7.0,0.0,False,0.384
191,-189.15,3.0,1.0,False,0.382
192,-65.826,6.0,2.0,False,0.38
193,497.363,15.0,5.0,False,0.378
194,-66.226,4.0,2.0,False,0.376
195,72.446,8.0,3.0,False,0.374
196,-189.15,3.0,1.0,False,0.373
197,-64.876,7.0,2.0,False,0.371
198,225.576,11.0,4.0,False,0.369
199,224.626,10.0,4.0,False,0.367
200,-188.75,5.0,1.0,False,0.365
201,-64.076,11.0,2.0,False,0.363
202,225.576,11.0,4.0,False,0.361
203,-64.326,6.0,2.0,False,0.36
204,72.996,7.0,3.0,False,0.358
205,-67.176,3.0,2.0,False,0.356
206,72.446,8.0,3.0,False,0.354
207,-187.95,9.0,1.0,False,0.353
208,73.396,9.0,3.0,False,0.351
209,-299.1,2.0,0.0,False,0.349
210,-65.026,10.0,2.0,False,0.347
211,72.846,10.0,3.0,False,0.346
212,-187.95,9.0,1.0,False,0.344
213,-64.326,6.0,2.0,False,0.342
214,-66.776,5.0,2.0,False,0.34
215,-189.15,3.0,1.0,False,0.339
216,226.676,9.0,4.0,False,0.337
217,-64.876,7.0,2.0,False,0.335
218,-190.1,2.0,1.0,False,0.334
219,-66.376,7.0,2.0,False,0.332
220,-64.476,9.0,2.0,False,0.33
221,75.296,11.0,3.0,False,0.329
222,-298.45,9.0,0.0,False,0.327
223,-65.426,8.0,2.0,False,0.325
224,-189.7,4.0,1.0,False,0.324
225,-186.45,9.0,1.0,False,0.322
226,-63.926,8.0,2.0,False,0.321
227,-65.426,8.0,2.0,False,0.319
228,-189.15,3.0,1.0,False,0.317
229,-62.976,9.0,2.0,False,0.316
230,-62.726,14.0,2.0,False,0.314
231,500.213,18.0,5.0,False,0.313
232,229.526,12.0,4.0,False,0.311
233,-65.426,8.0,2.0,False,0.309
234,-66.776,5.0,2.0,False,0.308
235,-189.15,3.0,1.0,False,0.306
236,689.421,21.0,6.0,False,0.305
237,-188.2,4.0,1.0,False,0.303
238,-188.2,4.0,1.0,False,0.302
239,-189.15,3.0,1.0,False,0.3
240,223.826,6.0,4.0,False,0.299
241,501.013,22.0,5.0,False,0.297
242,-300.6,2.0,0.0,False,0.296
243,-188.2,4.0,1.0,False,0.294
244,-299.65,3.0,0.0,False,0.293
245,-65.826,6.0,2.0,False,0.291
246,-66.226,4.0,2.0,False,0.29
247,72.696,13.0,3.0,False,0.288
248,-187.4,8.0,1.0,False,0.287
249,74.196,13.0,3.0,False,0.286
250,-65.826,6.0,2.0,False,0.284
251,-299.1,2.0,0.0,False,0.283
252,224.776,7.0,4.0,False,0.281
253,884.925,17.0,7.0,False,0.28
254,-65.276,5.0,2.0,False,0.279
255,-63.926,8.0,2.0,False,0.277
256,-65.826,6.0,2.0,False,0.276
257,496.963,13.0,5.0,False,0.274
258,-187.25,5.0,1.0,False,0.273
259,-299.25,5.0,0.0,False,0.272
260,227.626,10.0,4.0,False,0.27
261,-189.15,3.0,1.0,False,0.269
262,-189.3,6.0,1.0,False,0.268
263,-188.35,7.0,1.0,False,0.266
264,-298.3,6.0,0.0,False,0.265
265,228.026,12.0,4.0,False,0.264
266,-299.1,2.0,0.0,False,0.262
267,74.346,10.0,3.0,False,0.261
268,-63.376,7.0,2.0,False,0.26
269,-65.426,8.0,2.0,False,0.258
270,-65.276,5.0,2.0,False,0.257
271,-63.926,8.0,2.0,False,0.256
272,222.876,5.0,4.0,False,0.255
273,-67.176,3.0,2.0,False,0.253
274,72.046,6.0,3.0,False,0.252
275,-190.1,2.0,1.0,False,0.251
276,-299.65,3.0,0.0,False,0.249
277,75.546,16.0,3.0,False,0.248
278,-65.276,5.0,2.0,False,0.247
279,-67.176,3.0,2.0,False,0.246
280,73.796,11.0,3.0,False,0.245
281,70.146,4.0,3.0,False,0.243
282,-64.326,6.0,2.0,False,0.242
283,229.376,15.0,4.0,False,0.241
284,-189.15,3.0,1.0,False,0.24
285,-299.1,2.0,0.0,False,0.238
286,75.696,13.0,3.0,False,0.237
287,74.896,9.0,3.0,False,0.236
288,-67.176,3.0,2.0,False,0.235
289,-64.476,9.0,2.0,False,0.234
290,-65.426,8.0,2.0,False,0.233
291,-66.226,4.0,2.0,False,0.231
292,230.476,13.0,4.0,False,0.23
293,-299.65,3.0,0.0,False,0.229
294,-299.1,2.0,0.0,False,0.228
295,70.146,4.0,3.0,False,0.227
296,-189.15,3.0,1.0,False,0.226
297,228.826,16.0,4.0,False,0.225
298,-299.25,5.0,0.0,False,0.223
299,888.875,18.0,7.0,False,0.222
300,494.663,9.0,5.0,False,0.221
301,71.496,7.0,3.0,False,0.22
302,225.726,8.0,4.0,False,0.219
303,225.176,9.0,4.0,False,0.218
304,222.876,5.0,4.0,False,0.217
305,497.913,14.0,5.0,False,0.216
306,72.696,13.0,3.0,False,0.215
307,224.776,7.0,4.0,False,0.214
308,-65.276,5.0,2.0,False,0.212
309,225.176,9.0,4.0,False,0.211
310,-189.7,4.0,1.0,False,0.21
311,226.526,12.0,4.0,False,0.209
312,72.446,8.0,3.0,False,0.208
313,-64.326,6.0,2.0,False,0.207
314,72.846,10.0,3.0,False,0.206
315,-66.226,4.0,2.0,False,0.205
316,71.496,7.0,3.0,False,0.204
317,-188.2,4.0,1.0,False,0.203
318,-65.276,5.0,2.0,False,0.202
319,-189.15,3.0,1.0,False,0.201
320,225.726,8.0,4.0,False,0.2
321,-63.526,10.0,2.0,False,0.199
322,225.026,12.0,4.0,False,0.198
323,-65.826,6.0,2.0,False,0.197
324,-65.276,5.0,2.0,False,0.196
325,224.776,7.0,4.0,False,0.195
326,76.496,17.0,3.0,False,0.194
327,71.496,7.0,3.0,False,0.193
328,72.046,6.0,3.0,False,0.192
329,-299.1,2.0,0.0,False,0.191
330,73.946,8.0,3.0,False,0.19
331,496.013,12.0,5.0,False,0.189
332,-61.376,17.0,2.0,False,0.188
333,72.696,13.0,3.0,False,0.187
334,-299.65,3.0,0.0,False,0.187
335,-67.176,3.0,2.0,False,0.186
336,1107.782,15.0,8.0,True,0.185
337,-190.65,3.0,1.0,False,0.184
338,497.913,14.0,5.0,False,0.183
339,75.846,10.0,3.0,False,0.182
340,1106.282,15.0,8.0,True,0.181
341,-67.726,4.0,2.0,False,0.18
342,-63.376,7.0,2.0,False,0.179
343,75.296,11.0,3.0,False,0.178
344,1110.082,19.0,8.0,True,0.177
345,-299.65,3.0,0.0,False,0.177
346,-63.526,10.0,2.0,False,0.176
347,884.675,12.0,7.0,False,0.175
348,228.026,12.0,4.0,False,0.174
349,883.725,11.0,7.0,False,0.173
350,-189.15,3.0,1.0,False,0.172
351,-66.226,4.0,2.0,False,0.171
352,-188.2,4.0,1.0,False,0.17
353,681.421,11.0,6.0,False,0.17
354,683.171,16.0,6.0,False,0.169
355,-65.426,8.0,2.0,False,0.168
356,1109.682,17.0,8.0,True,0.167
357,226.526,12.0,4.0,False,0.166
358,-189.15,3.0,1.0,False,0.165
359,71.096,5.0,3.0,False,0.165
360,501.563,21.0,5.0,False,0.164
361,-188.75,5.0,1.0,False,0.163
362,-65.826,6.0,2.0,False,0.162
363,1106.282,15.0,8.0,True,0.161
364,-67.726,4.0,2.0,False,0.16
365,-63.376,7.0,2.0,False,0.16
366,73.796,11.0,3.0,False,0.159
367,-299.8,6.0,0.0,False,0.158
368,230.476,13.0,4.0,False,0.157
369,-64.476,9.0,2.0,False,0.157
370,-62.426,8.0,2.0,False,0.156
371,224.226,8.0,4.0,False,0.155
372,226.676,9.0,4.0,False,0.154
373,-188.2,4.0,1.0,False,0.153
374,503.563,31.0,5.0,False,0.153
375,72.996,7.0,3.0,False,0.152
376,76.796,11.0,3.0,False,0.151
377,71.496,7.0,3.0,False,0.15
378,-65.826,6.0,2.0,False,0.15
379,70.146,4.0,3.0,False,0.149
380,223.276,7.0,4.0,False,0.148
381,-65.276,5.0,2.0,False,0.147
382,496.963,13.0,5.0,False,0.147
383,-64.476,9.0,2.0,False,0.146
384,225.726,8.0,4.0,False,0.145
385,-67.726,4.0,2.0,False,0.144
386,72.996,7.0,3.0,False,0.144
387,-190.1,2.0,1.0,False,0.143
388,685.071,18.0,6.0,False,0.142
389,495.613,10.0,5.0,False,0.142
390,74.896,9.0,3.0,False,0.141
391,75.146,14.0,3.0,False,0.14
392,-299.1,2.0,0.0,False,0.139
393,75.296,11.0,3.0,False,0.139
394,227.476,13.0,4.0,False,0.138
395,-299.1,2.0,0.0,False,0.137
396,884.675,12.0,7.0,False,0.137
397,-67.176,3.0,2.0,False,0.136
398,-189.15,3.0,1.0,False,0.135
399,-190.25,5.0,1.0,False,0.135
400,227.076,11.0,4.0,False,0.134
401,886.575,14.0,7.0,False,0.133
402,-67.176,3.0,2.0,False,0.133
403,228.976,13.0,4.0,False,0.132
404,-65.026,10.0,2.0,False,0.131
405,224.626,10.0,4.0,False,0.131
406,72.446,8.0,3.0,False,0.13
407,72.996,7.0,3.0,False,0.129
408,-189.15,3.0,1.0,False,0.129
409,-189.15,3.0,1.0,False,0.128
410,228.976,13.0,4.0,False,0.127
411,227.626,10.0,4.0,False,0.127
412,224.776,7.0,4.0,False,0.126
413,-65.276,5.0,2.0,False,0.126
414,495.463,13.0,5.0,False,0.125
415,-188.35,7.0,1.0,False,0.124
416,-188.2,4.0,1.0,False,0.124
417,225.726,8.0,4.0,False,0.123
418,229.526,12.0,4.0,False,0.122
419,-65.426,8.0,2.0,False,0.122
420,-65.276,5.0,2.0,False,0.121
421,889.825,19.0,7.0,False,0.121
422,-62.976,9.0,2.0,False,0.12
423,-189.15,3.0,1.0,False,0.119
424,493.563,11.0,5.0,False,0.119
425,226.126,10.0,4.0,False,0.118
426,1107.782,15.0,8.0,True,0.118
427,-62.976,9.0,2.0,False,0.117
428,-63.376,7.0,2.0,False,0.116
429,-189.85,7.0,1.0,False,0.116
430,-188.75,5.0,1.0,False,0.115
431,-188.35,7.0,1.0,False,0.115
432,501.563,21.0,5.0,False,0.114
433,-65.276,5.0,2.0,False,0.114
434,-62.726,14.0,2.0,False,0.113
435,-188.75,5.0,1.0,False,0.112
436,70.546,6.0,3.0,False,0.112
437,883.725,11.0,7.0,False,0.111
438,501.563,21.0,5.0,False,0.111
439,76.246,12.0,3.0,False,0.11
440,225.726,8.0,4.0,False,0.11
441,496.013,12.0,5.0,False,0.109
442,-190.65,3.0,1.0,False,0.109
443,-189.7,4.0,1.0,False,0.108
444,224.776,7.0,4.0,False,0.107
445,-189.15,3.0,1.0,False,0.107
446,72.996,7.0,3.0,False,0.106
447,-65.276,5.0,2.0,False,0.106
448,-64.326,6.0,2.0,False,0.105
449,683.321,13.0,6.0,False,0.105
450,498.463,13.0,5.0,False,0.104
451,1112.082,29.0,8.0,True,0.104
452,683.721,15.0,6.0,False,0.103
453,228.276,17.0,4.0,False,0.103
454,887.525,15.0,7.0,False,0.102
455,-65.276,5.0,2.0,False,0.102
456,1110.082,19.0,8.0,True,0.101
457,-189.15,3.0,1.0,False,0.101
458,1105.882,13.0,8.0,True,0.1
459,-299.1,2.0,0.0,False,0.1
460,-63.526,10.0,2.0,False,0.099
461,1111.582,19.0,8.0,True,0.099
462,-65.276,5.0,2.0,False,0.098
463,884.675,12.0,7.0,False,0.098
464,-65.576,11.0,2.0,False,0.097
465,225.726,8.0,4.0,False,0.097
466,-189.15,3.0,1.0,False,0.096
467,-67.176,3.0,2.0,False,0.096
468,-63.376,7.0,2.0,False,0.095
469,229.926,14.0,4.0,False,0.095
470,225.726,8.0,4.0,False,0.094
471,496.563,11.0,5.0,False,0.094
472,891.725,21.0,7.0,False,0.093
473,225.726,8.0,4.0,False,0.093
474,-67.176,3.0,2.0,False,0.092
475,-189.15,3.0,1.0,False,0.092
476,889.425,17.0,7.0,False,0.092
477,-189.15,3.0,1.0,False,0.091
478,74.746,12.0,3.0,False,0.091
479,226.126,10.0,4.0,False,0.09
480,72.996,7.0,3.0,False,0.09
481,-63.526,10.0,2.0,False,0.089
482,1108.582,19.0,8.0,True,0.089
483,1106.282,15.0,8.0,True,0.088
484,71.096,5.0,3.0,False,0.088
485,496.013,12.0,5.0,False,0.088
486,888.325,19.0,7.0,False,0.087
487,883.725,11.0,7.0,False,0.087
488,73.796,11.0,3.0,False,0.086
489,681.421,11.0,6.0,False,0.086
490,497.363,15.0,5.0,False,0.085
491,-63.126,12.0,2.0,False,0.085
492,-67.176,3.0,2.0,False,0.084
493,-189.15,3.0,1.0,False,0.084
494,225.576,11.0,4.0,False,0.084
495,-64.326,6.0,2.0,False,0.083
496,3648.798,18.0,9.0,True,0.083
497,1109.682,17.0,8.0,True,0.082
498,888.325,19.0,7.0,False,0.082
499,1107.782,15.0,8.0,True,0.082
500,-64.476,9.0,2.0,False,0.081
501,-65.276,5.0,2.0,False,0.081
502,-189.15,3.0,1.0,False,0.08
503,1105.882,13.0,8.0,True,0.08
504,3644.998,14.0,9.0,True,0.08
505,1106.282,15.0,8.0,True,0.079
506,73.396,9.0,3.0,False,0.079
507,681.821,13.0,6.0,False,0.078
508,230.476,13.0,4.0,False,0.078
509,224.226,8.0,4.0,False,0.078
510,496.413,14.0,5.0,False,0.077
511,226.676,9.0,4.0,False,0.077
512,229.376,15.0,4.0,False,0.076
513,683.321,13.0,6.0,False,0.076
514,680.321,13.0,6.0,False,0.076
515,228.976,13.0,4.0,False,0.075
516,231.826,16.0,4.0,False,0.075
517,224.776,7.0,4.0,False,0.075
518,495.613,10.0,5.0,False,0.074
519,887.225,21.0,7.0,False,0.074
520,-64.326,6.0,2.0,False,0.073
521,501.313,16.0,5.0,False,0.073
522,686.971,20.0,6.0,False,0.073
523,686.421,21.0,6.0,False,0.072
524,496.013,12.0,5.0,False,0.072
525,1108.182,17.0,8.0,True,0.072
526,3649.198,20.0,9.0,True,0.071
527,-65.276,5.0,2.0,False,0.071
528,223.276,7.0,4.0,False,0.071
529,3648.798,18.0,9.0,True,0.07
530,499.413,14.0,5.0,False,0.07
531,224.776,7.0,4.0,False,0.069
532,-189.15,3.0,1.0,False,0.069
533,-189.15,3.0,1.0,False,0.069
534,499.413,14.0,5.0,False,0.068
535,496.563,11.0,5.0,False,0.068
536,-65.276,5.0,2.0,False,0.068
537,-68.276,5.0,2.0,False,0.067
538,-64.476,9.0,2.0,False,0.067
539,3646.898,16.0,9.0,True,0.067
540,890.075,24.0,7.0,False,0.066
541,885.325,19.0,7.0,False,0.066
542,1110.882,23.0,8.0,True,0.066
543,1110.482,21.0,8.0,True,0.065
544,1109.682,17.0,8.0,True,0.065
545,684.121,17.0,6.0,False,0.065
546,1107.782,15.0,8.0,True,0.064
547,883.725,11.0,7.0,False,0.064
548,496.563,11.0,5.0,False,0.064
549,496.563,11.0,5.0,False,0.063
550,72.046,6.0,3.0,False,0.063
551,72.996,7.0,3.0,False,0.063
552,885.625,13.0,7.0,False,0.063
553,-67.176,3.0,2.0,False,0.062
554,226.676,9.0,4.0,False,0.062
555,1110.482,21.0,8.0,True,0.062
556,228.426,14.0,4.0,False,0.061
557,1106.282,15.0,8.0,True,0.061
558,495.613,10.0,5.0,False,0.061
559,3649.198,20.0,9.0,True,0.06
560,-190.1,2.0,1.0,False,0.06
561,-189.15,3.0,1.0,False,0.06
562,1107.782,15.0,8.0,True,0.059
563,1111.432,22.0,8.0,True,0.059
564,-186.3,6.0,1.0,False,0.059
565,887.525,15.0,7.0,False,0.059
566,1110.082,19.0,8.0,True,0.058
567,-189.15,3.0,1.0,False,0.058
568,-189.15,3.0,1.0,False,0.058
569,223.826,6.0,4.0,False,0.057
570,-189.15,3.0,1.0,False,0.057
571,223.826,6.0,4.0,False,0.057
572,1109.132,18.0,8.0,True,0.057
573,881.825,9.0,7.0,False,0.056
574,1110.082,19.0,8.0,True,0.056
575,1106.682,17.0,8.0,True,0.056
576,1107.782,15.0,8.0,True,0.055
577,1110.082,19.0,8.0,True,0.055
578,681.671,16.0,6.0,False,0.055
579,686.171,16.0,6.0,False,0.055
580,3649.198,20.0,9.0,True,0.054
581,1107.782,15.0,8.0,True,0.054
582,-65.826,6.0,2.0,False,0.054
583,1108.182,17.0,8.0,True,0.054
584,227.476,13.0,4.0,False,0.053
585,-65.276,5.0,2.0,False,0.053
586,1109.132,18.0,8.0,True,0.053
587,1112.382,23.0,8.0,True,0.052
588,681.421,11.0,6.0,False,0.052
589,72.996,7.0,3.0,False,0.052
590,1105.882,13.0,8.0,True,0.052
591,883.725,11.0,7.0,False,0.051
592,-65.276,5.0,2.0,False,0.051
593,683.321,13.0,6.0,False,0.051
594,-65.276,5.0,2.0,False,0.051
595,496.813,16.0,5.0,False,0.05
596,683.321,13.0,6.0,False,0.05
597,71.096,5.0,3.0,False,0.05
598,227.626,10.0,4.0,False,0.05
599,499.813,16.0,5.0,False,0.049
600,224.776,7.0,4.0,False,0.049
601,-66.226,4.0,2.0,False,0.049
602,74.346,10.0,3.0,False,0.049
603,228.026,12.0,4.0,False,0.048
604,1109.132,18.0,8.0,True,0.048
605,882.625,13.0,7.0,False,0.048
606,3648.798,18.0,9.0,True,0.048
607,886.825,19.0,7.0,False,0.047
608,227.626,10.0,4.0,False,0.047
609,-66.226,4.0,2.0,False,0.047
610,885.625,13.0,7.0,False,0.047
611,496.263,17.0,5.0,False,0.047
612,3648.398,16.0,9.0,True,0.046
613,888.475,16.0,7.0,False,0.046
614,1111.582,19.0,8.0,True,0.046
615,886.425,17.0,7.0,False,0.046
616,231.426,14.0,4.0,False,0.045
617,223.826,6.0,4.0,False,0.045
618,1110.082,19.0,8.0,True,0.045
619,70.546,6.0,3.0,False,0.045
620,498.163,19.0,5.0,False,0.044
621,-65.276,5.0,2.0,False,0.044
622,1108.182,17.0,8.0,True,0.044
623,-67.176,3.0,2.0,False,0.044
624,681.821,13.0,6.0,False,0.044
625,-65.826,6.0,2.0,False,0.043
626,-190.1,2.0,1.0,False,0.043
627,1111.582,19.0,8.0,True,0.043
628,224.226,8.0,4.0,False,0.043
629,71.096,5.0,3.0,False,0.043
630,-65.276,5.0,2.0,False,0.042
631,1105.882,13.0,8.0,True,0.042
632,3647.698,20.0,9.0,True,0.042
633,-189.7,4.0,1.0,False,0.042
634,1107.782,15.0,8.0,True,0.041
635,3649.198,20.0,9.0,True,0.041
636,685.221,15.0,6.0,False,0.041
637,3644.998,14.0,9.0,True,0.041
638,497.513,12.0,5.0,False,0.041
639,71.496,7.0,3.0,False,0.04
640,-189.15,3.0,1.0,False,0.04
641,1108.182,17.0,8.0,True,0.04
642,-189.15,3.0,1.0,False,0.04
643,1107.782,15.0,8.0,True,0.04
644,-67.176,3.0,2.0,False,0.039
645,1109.682,17.0,8.0,True,0.039
646,497.913,14.0,5.0,False,0.039
647,682.221,15.0,6.0,False,0.039
648,71.496,7.0,3.0,False,0.039
649,73.396,9.0,3.0,False,0.038
650,682.221,15.0,6.0,False,0.038
651,1106.282,15.0,8.0,True,0.038
652,886.975,16.0,7.0,False,0.038
653,-63.376,7.0,2.0,False,0.038
654,1110.082,19.0,8.0,True,0.038
655,-66.226,4.0,2.0,False,0.037
656,886.425,17.0,7.0,False,0.037
657,225.976,13.0,4.0,False,0.037
658,-65.276,5.0,2.0,False,0.037
659,-188.2,4.0,1.0,False,0.037
660,228.826,16.0,4.0,False,0.036
661,1107.782,15.0,8.0,True,0.036
662,1106.282,15.0,8.0,True,0.036
663,1107.782,15.0,8.0,True,0.036
664,-65.826,6.0,2.0,False,0.036
665,887.225,21.0,7.0,False,0.035
666,1107.082,19.0,8.0,True,0.035
667,494.663,9.0,5.0,False,0.035
668,75.296,11.0,3.0,False,0.035
669,-188.2,4.0,1.0,False,0.035
670,-63.376,7.0,2.0,False,0.035
671,884.125,13.0,7.0,False,0.034
672,3646.498,14.0,9.0,True,0.034
673,3650.298,18.0,9.0,True,0.034
674,1109.682,17.0,8.0,True,0.034
675,493.013,12.0,5.0,False,0.034
676,683.321,13.0,6.0,False,0.034
677,1111.282,25.0,8.0,True,0.033
678,684.271,14.0,6.0,False,0.033
679,1107.782,15.0,8.0,True,0.033
680,887.525,15.0,7.0,False,0.033
681,-190.1,2.0,1.0,False,0.033
682,889.425,17.0,7.0,False,0.033
683,1107.782,15.0,8.0,True,0.032
684,-188.2,4.0,1.0,False,0.032
685,886.025,15.0,7.0,False,0.032
686,3644.598,12.0,9.0,True,0.032
687,493.713,8.0,5.0,False,0.032
688,-189.15,3.0,1.0,False,0.032
689,225.176,9.0,4.0,False,0.031
690,892.275,20.0,7.0,False,0.031
691,681.821,13.0,6.0,False,0.031
692,222.876,5.0,4.0,False,0.031
693,496.563,11.0,5.0,False,0.031
694,230.476,13.0,4.0,False,0.031
695,1110.482,21.0,8.0,True,0.031
696,3647.298,18.0,9.0,True,0.03
697,-65.276,5.0,2.0,False,0.03
698,685.071,18.0,6.0,False,0.03
699,679.521,9.0,6.0,False,0.03
700,3649.198,20.0,9.0,True,0.03
701,3648.398,16.0,9.0,True,0.03
702,496.413,14.0,5.0,False,0.029
703,682.371,12.0,6.0,False,0.029
704,1106.682,17.0,8.0,True,0.029
705,1113.582,29.0,8.0,True,0.029
706,1104.382,13.0,8.0,True,0.029
707,1112.382,23.0,8.0,True,0.029
708,884.525,15.0,7.0,False,0.029
709,496.963,13.0,5.0,False,0.028
710,231.126,20.0,4.0,False,0.028
711,226.676,9.0,4.0,False,0.028
712,1111.582,19.0,8.0,True,0.028
713,-67.176,3.0,2.0,False,0.028
714,887.925,17.0,7.0,False,0.028
715,-188.2,4.0,1.0,False,0.028
716,-62.576,11.0,2.0,False,0.027
717,1107.782,15.0,8.0,True,0.027
718,3648.398,16.0,9.0,True,0.027
719,228.576,11.0,4.0,False,0.027
720,1110.082,19.0,8.0,True,0.027
721,1106.282,15.0,8.0,True,0.027
722,73.946,8.0,3.0,False,0.027
723,881.825,9.0,7.0,False,0.027
724,3647.298,18.0,9.0,True,0.026
725,74.896,9.0,3.0,False,0.026
726,3647.298,18.0,9.0,True,0.026
727,1108.182,17.0,8.0,True,0.026
728,226.676,9.0,4.0,False,0.026
729,3646.498,14.0,9.0,True,0.026
730,3644.598,12.0,9.0,True,0.026
731,888.325,19.0,7.0,False,0.025
732,1110.632,18.0,8.0,True,0.025
733,-187.25,5.0,1.0,False,0.025
734,224.776,7.0,4.0,False,0.025
735,3648.398,16.0,9.0,True,0.025
736,230.326,16.0,4.0,False,0.025
737,3647.698,20.0,9.0,True,0.025
738,681.821,13.0,6.0,False,0.025
739,-188.75,5.0,1.0,False,0.024
740,887.525,15.0,7.0,False,0.024
741,1108.182,17.0,8.0,True,0.024
742,1111.982,21.0,8.0,True,0.024
743,225.176,9.0,4.0,False,0.024
744,1111.982,21.0,8.0,True,0.024
745,881.825,9.0,7.0,False,0.024
746,3646.898,16.0,9.0,True,0.024
747,683.321,13.0,6.0,False,0.024
748,495.063,11.0,5.0,False,0.023
749,3651.498,24.0,9.0,True,0.023
750,1107.782,15.0,8.0,True,0.023
751,1110.482,21.0,8.0,True,0.023
752,496.563,11.0,5.0,False,0.023
753,229.926,14.0,4.0,False,0.023
754,72.046,6.0,3.0,False,0.023
755,496.413,14.0,5.0,False,0.023
756,226.126,10.0,4.0,False,0.022
757,497.913,14.0,5.0,False,0.022
758,686.171,16.0,6.0,False,0.022
759,1111.982,21.0,8.0,True,0.022
760,1110.082,19.0,8.0,True,0.022
761,494.663,9.0,5.0,False,0.022
762,1110.482,21.0,8.0,True,0.022
763,495.613,10.0,5.0,False,0.022
764,72.846,10.0,3.0,False,0.022
765,-66.226,4.0,2.0,False,0.022
766,1108.182,17.0,8.0,True,0.021
767,1107.782,15.0,8.0,True,0.021
768,678.021,9.0,6.0,False,0.021
769,74.346,10.0,3.0,False,0.021
770,1113.332,24.0,8.0,True,0.021
771,682.221,15.0,6.0,False,0.021
772,-63.376,7.0,2.0,False,0.021
773,889.425,17.0,7.0,False,0.021
774,223.826,6.0,4.0,False,0.021
775,1111.982,21.0,8.0,True,0.02
776,224.776,7.0,4.0,False,0.02
777,681.821,13.0,6.0,False,0.02
778,1110.482,21.0,8.0,True,0.02
779,684.671,16.0,6.0,False,0.02
780,3648.798,18.0,9.0,True,0.02
781,-189.3,6.0,1.0,False,0.02
782,498.463,13.0,5.0,False,0.02
783,1110.482,21.0,8.0,True,0.02
784,-65.276,5.0,2.0,False,0.02
785,1109.682,17.0,8.0,True,0.019
786,1112.382,23.0,8.0,True,0.019
787,496.013,12.0,5.0,False,0.019
788,1109.682,17.0,8.0,True,0.019
789,1109.682,17.0,8.0,True,0.019
790,683.321,13.0,6.0,False,0.019
791,3646.498,14.0,9.0,True,0.019
792,499.263,17.0,5.0,False,0.019
793,229.526,12.0,4.0,False,0.019
794,3649.198,20.0,9.0,True,0.019
795,1104.932,12.0,8.0,True,0.019
796,890.225,21.0,7.0,False,0.018
797,1110.482,21.0,8.0,True,0.018
798,1108.182,17.0,8.0,True,0.018
799,681.421,11.0,6.0,False,0.018
800,3646.898,16.0,9.0,True,0.018
801,224.776,7.0,4.0,False,0.018
802,1109.682,17.0,8.0,True,0.018
803,75.146,14.0,3.0,False,0.018
804,496.963,13.0,5.0,False,0.018
805,72.046,6.0,3.0,False,0.018
806,496.963,13.0,5.0,False,0.018
807,1112.782,25.0,8.0,True,0.017
808,680.471,10.0,6.0,False,0.017
809,71.096,5.0,3.0,False,0.017
810,3648.798,18.0,9.0,True,0.017
811,3648.398,16.0,9.0,True,0.017
812,225.726,8.0,4.0,False,0.017
813,495.613,10.0,5.0,False,0.017
814,884.675,12.0,7.0,False,0.017
815,887.925,17.0,7.0,False,0.017
816,1109.132,18.0,8.0,True,0.017
817,1107.482,21.0,8.0,True,0.017
818,496.013,12.0,5.0,False,0.016
819,-65.276,5.0,2.0,False,0.016
820,498.863,15.0,5.0,False,0.016
821,496.563,11.0,5.0,False,0.016
822,3654.898,26.0,9.0,True,0.016
823,891.325,19.0,7.0,False,0.016
824,-65.276,5.0,2.0,False,0.016
825,-64.326,6.0,2.0,False,0.016
826,226.676,9.0,4.0,False,0.016
827,496.963,13.0,5.0,False,0.016
828,-67.176,3.0,2.0,False,0.016
829,-65.276,5.0,2.0,False,0.016
830,-65.276,5.0,2.0,False,0.016
831,685.621,17.0,6.0,False,0.015
832,-62.176,13.0,2.0,False,0.015
833,1107.782,15.0,8.0,True,0.015
834,3646.498,14.0,9.0,True,0.015
835,1105.882,13.0,8.0,True,0.015
836,1111.282,25.0,8.0,True,0.015
837,1107.782,15.0,8.0,True,0.015
838,498.463,13.0,5.0,False,0.015
839,1108.182,17.0,8.0,True,0.015
840,681.421,11.0,6.0,False,0.015
841,1108.732,16.0,8.0,True,0.015
842,1108.182,17.0,8.0,True,0.015
843,225.726,8.0,4.0,False,0.015
844,1105.882,13.0,8.0,True,0.014
845,498.463,13.0,5.0,False,0.014
846,3649.998,24.0,9.0,True,0.014
847,228.976,13.0,4.0,False,0.014
848,685.221,15.0,6.0,False,0.014
849,226.126,10.0,4.0,False,0.014
850,72.446,8.0,3.0,False,0.014
851,1105.882,13.0,8.0,True,0.014
852,1111.982,21.0,8.0,True,0.014
853,1108.582,19.0,8.0,True,0.014
854,3654.898,26.0,9.0,True,0.014
855,1106.682,17.0,8.0,True,0.014
856,1112.382,23.0,8.0,True,0.014
857,3646.498,14.0,9.0,True,0.014
858,-66.226,4.0,2.0,False,0.013
859,3646.498,14.0,9.0,True,0.013
860,1114.282,25.0,8.0,True,0.013
861,1117.282,25.0,8.0,True,0.013
862,887.375,18.0,7.0,False,0.013
863,684.521,19.0,6.0,False,0.013
864,3648.398,16.0,9.0,True,0.013
865,-65.276,5.0,2.0,False,0.013
866,227.076,11.0,4.0,False,0.013
867,1111.582,19.0,8.0,True,0.013
868,681.821,13.0,6.0,False,0.013
869,3650.298,18.0,9.0,True,0.013
870,687.521,19.0,6.0,False,0.013
871,-65.276,5.0,2.0,False,0.013
872,3646.498,14.0,9.0,True,0.013
873,1111.582,19.0,8.0,True,0.013
874,681.821,13.0,6.0,False,0.012
875,3652.598,22.0,9.0,True,0.012
876,682.371,12.0,6.0,False,0.012
877,1108.182,17.0,8.0,True,0.012
878,1110.882,23.0,8.0,True,0.012
879,494.113,10.0,5.0,False,0.012
880,-65.276,5.0,2.0,False,0.012
881,1110.482,21.0,8.0,True,0.012
882,1112.932,22.0,8.0,True,0.012
883,73.946,8.0,3.0,False,0.012
884,1109.682,17.0,8.0,True,0.012
885,688.071,18.0,6.0,False,0.012
886,71.096,5.0,3.0,False,0.012
887,74.346,10.0,3.0,False,0.012
888,-62.426,8.0,2.0,False,0.012
889,885.625,13.0,7.0,False,0.012
890,1111.982,21.0,8.0,True,0.011
891,228.026,12.0,4.0,False,0.011
892,889.825,19.0,7.0,False,0.011
893,1109.682,17.0,8.0,True,0.011
894,1110.882,23.0,8.0,True,0.011
895,-67.176,3.0,2.0,False,0.011
896,683.171,16.0,6.0,False,0.011
897,229.376,15.0,4.0,False,0.011
898,1110.882,23.0,8.0,True,0.011
899,1108.582,19.0,8.0,True,0.011
900,1110.482,21.0,8.0,True,0.011
901,495.063,11.0,5.0,False,0.011
902,1105.882,13.0,8.0,True,0.011
903,1106.282,15.0,8.0,True,0.011
904,3648.798,18.0,9.0,True,0.011
905,-65.276,5.0,2.0,False,0.011
906,496.963,13.0,5.0,False,0.011
907,3648.398,16.0,9.0,True,0.011
908,-189.15,3.0,1.0,False,0.01
909,679.521,9.0,6.0,False,0.01
910,1109.682,17.0,8.0,True,0.01
911,681.421,11.0,6.0,False,0.01
912,3646.898,16.0,9.0,True,0.01
913,499.813,16.0,5.0,False,0.01
914,3652.598,22.0,9.0,True,0.01
915,3649.198,20.0,9.0,True,0.01
916,684.271,14.0,6.0,False,0.01
917,1111.982,21.0,8.0,True,0.01
918,496.963,13.0,5.0,False,0.01
919,224.776,7.0,4.0,False,0.01
920,889.425,17.0,7.0,False,0.01
921,3646.498,14.0,9.0,True,0.01
922,496.963,13.0,5.0,False,0.01
923,1111.982,21.0,8.0,True,0.01
924,680.471,10.0,6.0,False,0.01
925,1107.782,15.0,8.0,True,0.01
926,1110.082,19.0,8.0,True,0.01
927,1108.582,19.0,8.0,True,0.01
928,3646.498,14.0,9.0,True,0.01
929,1109.682,17.0,8.0,True,0.01
930,497.913,14.0,5.0,False,0.01
931,1111.582,19.0,8.0,True,0.01
932,1107.232,16.0,8.0,True,0.01
933,3651.098,22.0,9.0,True,0.01
934,3645.398,16.0,9.0,True,0.01
935,1111.582,19.0,8.0,True,0.01
936,3647.298,18.0,9.0,True,0.01
937,3648.398,16.0,9.0,True,0.01
938,224.776,7.0,4.0,False,0.01
939,681.821,13.0,6.0,False,0.01
940,1109.382,23.0,8.0,True,0.01
941,1113.482,21.0,8.0,True,0.01
942,1110.082,19.0,8.0,True,0.01
943,1110.882,23.0,8.0,True,0.01
944,1109.682,17.0,8.0,True,0.01
945,500.363,15.0,5.0,False,0.01
946,881.825,9.0,7.0,False,0.01
947,3650.698,20.0,9.0,True,0.01
948,1111.982,21.0,8.0,True,0.01
949,1115.382,23.0,8.0,True,0.01
950,1111.982,21.0,8.0,True,0.01
951,1108.182,17.0,8.0,True,0.01
952,1110.082,19.0,8.0,True,0.01
953,496.963,13.0,5.0,False,0.01
954,889.425,17.0,7.0,False,0.01
955,1104.782,15.0,8.0,True,0.01
956,1115.482,31.0,8.0,True,0.01
957,682.621,17.0,6.0,False,0.01
958,496.563,11.0,5.0,False,0.01
959,497.513,12.0,5.0,False,0.01
960,1109.682,17.0,8.0,True,0.01
961,1110.082,19.0,8.0,True,0.01
962,3648.798,18.0,9.0,True,0.01
963,888.325,19.0,7.0,False,0.01
964,884.525,15.0,7.0,False,0.01
965,1109.682,17.0,8.0,True,0.01
966,497.913,14.0,5.0,False,0.01
967,226.126,10.0,4.0,False,0.01
968,1112.382,23.0,8.0,True,0.01
969,1108.582,19.0,8.0,True,0.01
970,886.425,17.0,7.0,False,0.01
971,3654.098,22.0,9.0,True,0.01
972,-189.15,3.0,1.0,False,0.01
973,889.425,17.0,7.0,False,0.01
974,680.871,12.0,6.0,False,0.01
975,684.671,16.0,6.0,False,0.01
976,224.776,7.0,4.0,False,0.01
977,1109.682,17.0,8.0,True,0.01
978,3646.898,16.0,9.0,True,0.01
979,-65.276,5.0,2.0,False,0.01
980,224.776,7.0,4.0,False,0.01
981,224.776,7.0,4.0,False,0.01
982,497.913,14.0,5.0,False,0.01
983,683.721,15.0,6.0,False,0.01
984,224.776,7.0,4.0,False,0.01
985,1108.182,17.0,8.0,True,0.01
986,3646.498,14.0,9.0,True,0.01
987,3646.498,14.0,9.0,True,0.01
988,1111.582,19.0,8.0,True,0.01
989,499.413,14.0,5.0,False,0.01
990,1112.382,23.0,8.0,True,0.01
991,227.626,10.0,4.0,False,0.01
992,1107.782,15.0,8.0,True,0.01
993,1106.282,15.0,8.0,True,0.01
994,1110.632,18.0,8.0,True,0.01
995,684.671,16.0,6.0,False,0.01
996,493.713,8.0,5.0,False,0.01
997,686.021,19.0,6.0,False,0.01
998,3648.398,16.0,9.0,True,0.01
999,226.676,9.0,4.0,False,0.01
1000,224.226,8.0,4.0,False,0.01
1001,3648.398,16.0,9.0,True,0.01
1002,886.425,17.0,7.0,False,0.01
1003,1110.482,21.0,8.0,True,0.01
1004,1108.982,21.0,8.0,True,0.01
1005,497.913,14.0,5.0,False,0.01
1006,-65.276,5.0,2.0,False,0.01
1007,683.321,13.0,6.0,False,0.01
1008,-189.15,3.0,1.0,False,0.01
1009,224.776,7.0,4.0,False,0.01
1010,1106.832,14.0,8.0,True,0.01
1011,1109.682,17.0,8.0,True,0.01
1012,888.725,21.0,7.0,False,0.01
1013,1108.582,19.0,8.0,True,0.01
1014,1109.682,17.0,8.0,True,0.01
1015,682.771,14.0,6.0,False,0.01
1016,1106.832,14.0,8.0,True,0.01
1017,1110.082,19.0,8.0,True,0.01
1018,1108.582,19.0,8.0,True,0.01
1019,497.513,12.0,5.0,False,0.01
1020,3646.498,14.0,9.0,True,0.01
1021,1109.682,17.0,8.0,True,0.01
1022,-65.276,5.0,2.0,False,0.01
1023,678.571,8.0,6.0,False,0.01
1024,1103.982,11.0,8.0,True,0.01
1025,1105.732,16.0,8.0,True,0.01
1026,3645.398,16.0,9.0,True,0.01
1027,495.063,11.0,5.0,False,0.01
1028,1109.682,17.0,8.0,True,0.01
1029,1112.382,23.0,8.0,True,0.01
1030,3646.498,14.0,9.0,True,0.01
1031,1107.782,15.0,8.0,True,0.01
1032,226.676,9.0,4.0,False,0.01
1033,3650.298,18.0,9.0,True,0.01
1034,685.221,15.0,6.0,False,0.01
1035,1107.782,15.0,8.0,True,0.01
1036,1111.982,21.0,8.0,True,0.01
1037,3653.798,28.0,9.0,True,0.01
1038,888.325,19.0,7.0,False,0.01
1039,497.513,12.0,5.0,False,0.01
1040,1111.582,19.0,8.0,True,0.01
1041,681.421,11.0,6.0,False,0.01
1042,1109.682,17.0,8.0,True,0.01
1043,885.625,13.0,7.0,False,0.01
1044,883.725,11.0,7.0,False,0.01
1045,1107.632,18.0,8.0,True,0.01
1046,1111.032,20.0,8.0,True,0.01
1047,1105.882,13.0,8.0,True,0.01
1048,890.625,23.0,7.0,False,0.01
1049,883.725,11.0,7.0,False,0.01
1050,683.321,13.0,6.0,False,0.01
1051,682.371,12.0,6.0,False,0.01
1052,1109.532,20.0,8.0,True,0.01
1053,495.463,13.0,5.0,False,0.01
1054,1109.682,17.0,8.0,True,0.01
1055,224.776,7.0,4.0,False,0.01
1056,889.275,20.0,7.0,False,0.01
1057,229.526,12.0,4.0,False,0.01
1058,887.925,17.0,7.0,False,0.01
1059,1110.082,19.0,8.0,True,0.01
1060,885.625,13.0,7.0,False,0.01
1061,-67.176,3.0,2.0,False,0.01
1062,682.221,15.0,6.0,False,0.01
1063,683.321,13.0,6.0,False,0.01
1064,681.821,13.0,6.0,False,0.01
1065,3648.798,18.0,9.0,True,0.01
1066,224.226,8.0,4.0,False,0.01
1067,3650.698,20.0,9.0,True,0.01
1068,887.525,15.0,7.0,False,0.01
1069,1107.782,15.0,8.0,True,0.01
1070,683.321,13.0,6.0,False,0.01
1071,681.821,13.0,6.0,False,0.01
1072,1111.982,21.0,8.0,True,0.01
1073,492.763,7.0,5.0,False,0.01
1074,1113.482,21.0,8.0,True,0.01
1075,680.871,12.0,6.0,False,0.01
1076,3649.598,22.0,9.0,True,0.01
1077,1111.982,21.0,8.0,True,0.01
1078,1110.482,21.0,8.0,True,0.01
1079,681.121,17.0,6.0,False,0.01
1080,682.221,15.0,6.0,False,0.01
1081,1108.182,17.0,8.0,True,0.01
1082,3648.398,16.0,9.0,True,0.01
1083,1109.682,17.0,8.0,True,0.01
1084,680.321,13.0,6.0,False,0.01
1085,1105.882,13.0,8.0,True,0.01
1086,3650.298,18.0,9.0,True,0.01
1087,887.525,15.0,7.0,False,0.01
1088,1111.582,19.0,8.0,True,0.01
1089,3648.398,16.0,9.0,True,0.01
1090,687.921,21.0,6.0,False,0.01
1091,1107.782,15.0,8.0,True,0.01
1092,-187.95,9.0,1.0,False,0.01
1093,226.126,10.0,4.0,False,0.01
1094,686.021,19.0,6.0,False,0.01
1095,1110.632,18.0,8.0,True,0.01
1096,1108.582,19.0,8.0,True,0.01
1097,680.321,13.0,6.0,False,0.01
1098,1107.782,15.0,8.0,True,0.01
1099,3644.998,14.0,9.0,True,0.01
1100,684.121,17.0,6.0,False,0.01
1101,1111.282,25.0,8.0,True,0.01
1102,887.925,17.0,7.0,False,0.01
1103,-65.276,5.0,2.0,False,0.01
1104,1111.282,25.0,8.0,True,0.01
1105,1106.282,15.0,8.0,True,0.01
1106,1112.382,23.0,8.0,True,0.01
1107,493.713,8.0,5.0,False,0.01
1108,1110.082,19.0,8.0,True,0.01
1109,227.626,10.0,4.0,False,0.01
1110,888.475,16.0,7.0,False,0.01
1111,1110.082,19.0,8.0,True,0.01
1112,3648.398,16.0,9.0,True,0.01
1113,1111.582,19.0,8.0,True,0.01
1114,1109.682,17.0,8.0,True,0.01
1115,888.475,16.0,7.0,False,0.01
1116,496.563,11.0,5.0,False,0.01
1117,1110.482,21.0,8.0,True,0.01
1118,883.725,11.0,7.0,False,0.01
1119,680.471,10.0,6.0,False,0.01
1120,1110.082,19.0,8.0,True,0.01
1121,223.826,6.0,4.0,False,0.01
1122,3648.398,16.0,9.0,True,0.01
1123,1108.182,17.0,8.0,True,0.01
1124,887.925,17.0,7.0,False,0.01
1125,685.221,15.0,6.0,False,0.01
1126,1115.082,29.0,8.0,True,0.01
1127,1113.882,23.0,8.0,True,0.01
1128,1108.182,17.0,8.0,True,0.01
1129,497.913,14.0,5.0,False,0.01
1130,886.025,15.0,7.0,False,0.01
1131,1111.582,19.0,8.0,True,0.01
1132,1108.732,16.0,8.0,True,0.01
1133,496.963,13.0,5.0,False,0.01
1134,71.896,9.0,3.0,False,0.01
1135,1110.482,21.0,8.0,True,0.01
1136,684.121,17.0,6.0,False,0.01
1137,1108.982,21.0,8.0,True,0.01
1138,227.626,10.0,4.0,False,0.01
1139,495.613,10.0,5.0,False,0.01
1140,225.726,8.0,4.0,False,0.01
1141,226.676,9.0,4.0,False,0.01
1142,1112.382,23.0,8.0,True,0.01
1143,494.663,9.0,5.0,False,0.01
1144,3648.398,16.0,9.0,True,0.01
1145,501.313,16.0,5.0,False,0.01
1146,3648.398,16.0,9.0,True,0.01
1147,1111.582,19.0,8.0,True,0.01
1148,1105.882,13.0,8.0,True,0.01
1149,887.525,15.0,7.0,False,0.01
1150,1108.182,17.0,8.0,True,0.01
1151,885.625,13.0,7.0,False,0.01
1152,685.221,15.0,6.0,False,0.01
1153,1109.682,17.0,8.0,True,0.01
1154,679.521,9.0,6.0,False,0.01
1155,1108.732,16.0,8.0,True,0.01
1156,-189.7,4.0,1.0,False,0.01
1157,72.996,7.0,3.0,False,0.01
1158,492.763,7.0,5.0,False,0.01
1159,3648.398,16.0,9.0,True,0.01
1160,679.921,11.0,6.0,False,0.01
1161,682.621,17.0,6.0,False,0.01
1162,683.721,15.0,6.0,False,0.01
1163,1109.682,17.0,8.0,True,0.01
1164,885.625,13.0,7.0,False,0.01
1165,3648.398,16.0,9.0,True,0.01
1166,1108.582,19.0,8.0,True,0.01
1167,3650.298,18.0,9.0,True,0.01
1168,886.425,17.0,7.0,False,0.01
1169,-65.276,5.0,2.0,False,0.01
1170,1105.882,13.0,8.0,True,0.01
1171,498.863,15.0,5.0,False,0.01
1172,1107.782,15.0,8.0,True,0.01
1173,1110.482,21.0,8.0,True,0.01
1174,3648.798,18.0,9.0,True,0.01
1175,887.525,15.0,7.0,False,0.01
1176,3648.798,18.0,9.0,True,0.01
1177,1107.782,15.0,8.0,True,0.01
1178,-67.176,3.0,2.0,False,0.01
1179,1112.782,25.0,8.0,True,0.01
1180,887.525,15.0,7.0,False,0.01
1181,3650.698,20.0,9.0,True,0.01
1182,3645.398,16.0,9.0,True,0.01
1183,231.276,17.0,4.0,False,0.01
1184,3646.498,14.0,9.0,True,0.01
1185,681.821,13.0,6.0,False,0.01
1186,-66.226,4.0,2.0,False,0.01
1187,683.321,13.0,6.0,False,0.01
1188,891.325,19.0,7.0,False,0.01
1189,1116.182,27.0,8.0,True,0.01
1190,887.525,15.0,7.0,False,0.01
1191,885.475,16.0,7.0,False,0.01
1192,226.526,12.0,4.0,False,0.01
1193,1112.382,23.0,8.0,True,0.01
1194,1111.032,20.0,8.0,True,0.01
1195,224.226,8.0,4.0,False,0.01
1196,1107.782,15.0,8.0,True,0.01
1197,496.963,13.0,5.0,False,0.01
1198,1107.782,15.0,8.0,True,0.01
1199,686.171,16.0,6.0,False,0.01
1200,681.421,11.0,6.0,False,0.01
1201,3646.498,14.0,9.0,True,0.01
1202,3646.498,14.0,9.0,True,0.01
1203,885.625,13.0,7.0,False,0.01
1204,683.321,13.0,6.0,False,0.01
1205,3646.498,14.0,9.0,True,0.01
1206,681.821,13.0,6.0,False,0.01
1207,683.321,13.0,6.0,False,0.01
1208,3646.898,16.0,9.0,True,0.01
1209,1111.582,19.0,8.0,True,0.01
1210,228.576,11.0,4.0,False,0.01
1211,1110.082,19.0,8.0,True,0.01
1212,228.426,14.0,4.0,False,0.01
1213,685.221,15.0,6.0,False,0.01
1214,681.421,11.0,6.0,False,0.01
1215,1105.882,13.0,8.0,True,0.01
1216,1112.382,23.0,8.0,True,0.01
1217,887.525,15.0,7.0,False,0.01
1218,887.525,15.0,7.0,False,0.01
1219,682.371,12.0,6.0,False,0.01
1220,1110.082,19.0,8.0,True,0.01
1221,224.776,7.0,4.0,False,0.01
1222,1109.682,17.0,8.0,True,0.01
1223,-189.15,3.0,1.0,False,0.01
1224,3646.898,16.0,9.0,True,0.01
1225,1111.582,19.0,8.0,True,0.01
1226,683.321,13.0,6.0,False,0.01
1227,1108.582,19.0,8.0,True,0.01
1228,683.421,21.0,6.0,False,0.01
1229,-65.276,5.0,2.0,False,0.01
1230,887.525,15.0,7.0,False,0.01
1231,227.626,10.0,4.0,False,0.01
1232,885.625,13.0,7.0,False,0.01
1233,3648.798,18.0,9.0,True,0.01
1234,-63.376,7.0,2.0,False,0.01
1235,683.321,13.0,6.0,False,0.01
1236,-64.476,9.0,2.0,False,0.01
1237,-66.226,4.0,2.0,False,0.01
1238,3647.298,18.0,9.0,True,0.01
1239,1109.682,17.0,8.0,True,0.01
1240,1108.182,17.0,8.0,True,0.01
1241,1109.382,23.0,8.0,True,0.01
1242,682.621,17.0,6.0,False,0.01
1243,887.525,15.0,7.0,False,0.01
1244,-66.226,4.0,2.0,False,0.01
1245,1109.682,17.0,8.0,True,0.01
1246,1111.982,21.0,8.0,True,0.01
1247,1110.482,21.0,8.0,True,0.01
1248,683.721,15.0,6.0,False,0.01
1249,1107.782,15.0,8.0,True,0.01
1250,1105.882,13.0,8.0,True,0.01
1251,686.971,20.0,6.0,False,0.01
1252,685.621,17.0,6.0,False,0.01
1253,1109.682,17.0,8.0,True,0.01
1254,230.476,13.0,4.0,False,0.01
1255,1109.682,17.0,8.0,True,0.01
1256,685.621,17.0,6.0,False,0.01
1257,681.421,11.0,6.0,False,0.01
1258,1110.082,19.0,8.0,True,0.01
1259,3648.398,16.0,9.0,True,0.01
1260,3650.298,18.0,9.0,True,0.01
1261,886.975,16.0,7.0,False,0.01
1262,684.521,19.0,6.0,False,0.01
1263,1107.782,15.0,8.0,True,0.01
1264,-66.226,4.0,2.0,False,0.01
1265,225.726,8.0,4.0,False,0.01
1266,1106.682,17.0,8.0,True,0.01
1267,1109.132,18.0,8.0,True,0.01
1268,1112.782,25.0,8.0,True,0.01
1269,72.046,6.0,3.0,False,0.01
1270,225.726,8.0,4.0,False,0.01
1271,1108.182,17.0,8.0,True,0.01
1272,227.076,11.0,4.0,False,0.01
1273,1110.082,19.0,8.0,True,0.01
1274,226.676,9.0,4.0,False,0.01
1275,496.563,11.0,5.0,False,0.01
1276,223.826,6.0,4.0,False,0.01
1277,1107.782,15.0,8.0,True,0.01
1278,1112.382,23.0,8.0,True,0.01
1279,226.676,9.0,4.0,False,0.01
1280,681.821,13.0,6.0,False,0.01
1281,1107.782,15.0,8.0,True,0.01
1282,498.313,16.0,5.0,False,0.01
1283,3644.598,12.0,9.0,True,0.01
1284,1110.082,19.0,8.0,True,0.01
1285,1106.282,15.0,8.0,True,0.01
1286,1107.082,19.0,8.0,True,0.01
1287,1111.982,21.0,8.0,True,0.01
1288,685.621,17.0,6.0,False,0.01
1289,-62.576,11.0,2.0,False,0.01
1290,-64.876,7.0,2.0,False,0.01
1291,1108.182,17.0,8.0,True,0.01
1292,1107.782,15.0,8.0,True,0.01
1293,683.321,13.0,6.0,False,0.01
1294,1107.782,15.0,8.0,True,0.01
1295,3650.698,20.0,9.0,True,0.01
1296,225.726,8.0,4.0,False,0.01
1297,1110.082,19.0,8.0,True,0.01
1298,1109.682,17.0,8.0,True,0.01
1299,1115.382,23.0,8.0,True,0.01
1300,3648.798,18.0,9.0,True,0.01
1301,72.996,7.0,3.0,False,0.01
1302,1107.232,16.0,8.0,True,0.01
1303,225.176,9.0,4.0,False,0.01
1304,225.576,11.0,4.0,False,0.01
1305,889.425,17.0,7.0,False,0.01
1306,681.421,11.0,6.0,False,0.01
1307,1104.782,15.0,8.0,True,0.01
1308,1105.882,13.0,8.0,True,0.01
1309,224.776,7.0,4.0,False,0.01
1310,3646.498,14.0,9.0,True,0.01
1311,496.563,11.0,5.0,False,0.01
1312,1109.682,17.0,8.0,True,0.01
1313,3650.298,18.0,9.0,True,0.01
1314,3646.498,14.0,9.0,True,0.01
1315,-63.526,10.0,2.0,False,0.01
1316,222.876,5.0,4.0,False,0.01
1317,3645.398,16.0,9.0,True,0.01
1318,1109.782,25.0,8.0,True,0.01
1319,681.821,13.0,6.0,False,0.01
1320,226.926,14.0,4.0,False,0.01
1321,1104.782,15.0,8.0,True,0.01
1322,1109.682,17.0,8.0,True,0.01
1323,1106.282,15.0,8.0,True,0.01
1324,3648.398,16.0,9.0,True,0.01
1325,1115.382,23.0,8.0,True,0.01
1326,1108.182,17.0,8.0,True,0.01
1327,680.471,10.0,6.0,False,0.01
1328,1107.782,15.0,8.0,True,0.01
1329,229.776,17.0,4.0,False,0.01
1330,1110.082,19.0,8.0,True,0.01
1331,3650.698,20.0,9.0,True,0.01
1332,3646.498,14.0,9.0,True,0.01
1333,3648.398,16.0,9.0,True,0.01
1334,1109.682,17.0,8.0,True,0.01
1335,1114.282,25.0,8.0,True,0.01
1336,681.421,11.0,6.0,False,0.01
1337,496.563,11.0,5.0,False,0.01
1338,3650.698,20.0,9.0,True,0.01
1339,223.276,7.0,4.0,False,0.01
1340,1111.582,19.0,8.0,True,0.01
1341,1106.682,17.0,8.0,True,0.01
1342,1113.982,31.0,8.0,True,0.01
1343,226.126,10.0,4.0,False,0.01
1344,1108.182,17.0,8.0,True,0.01
1345,495.613,10.0,5.0,False,0.01
1346,-66.376,7.0,2.0,False,0.01
1347,889.425,17.0,7.0,False,0.01
1348,887.525,15.0,7.0,False,0.01
1349,227.626,10.0,4.0,False,0.01
1350,496.963,13.0,5.0,False,0.01
1351,1109.682,17.0,8.0,True,0.01
1352,884.525,15.0,7.0,False,0.01
1353,1107.232,16.0,8.0,True,0.01
1354,3649.198,20.0,9.0,True,0.01
1355,501.313,16.0,5.0,False,0.01
1356,1107.782,15.0,8.0,True,0.01
1357,3654.498,24.0,9.0,True,0.01
1358,885.625,13.0,7.0,False,0.01
1359,3652.198,20.0,9.0,True,0.01
1360,1112.382,23.0,8.0,True,0.01
1361,1105.882,13.0,8.0,True,0.01
1362,1108.182,17.0,8.0,True,0.01
1363,1107.782,15.0,8.0,True,0.01
1364,1112.782,25.0,8.0,True,0.01
1365,683.021,19.0,6.0,False,0.01
1366,682.221,15.0,6.0,False,0.01
1367,1109.382,23.0,8.0,True,0.01
1368,1107.082,19.0,8.0,True,0.01
1369,684.671,16.0,6.0,False,0.01
1370,227.626,10.0,4.0,False,0.01
1371,687.921,21.0,6.0,False,0.01
1372,1111.982,21.0,8.0,True,0.01
1373,3650.698,20.0,9.0,True,0.01
1374,1107.782,15.0,8.0,True,0.01
1375,1109.682,17.0,8.0,True,0.01
1376,683.321,13.0,6.0,False,0.01
1377,1108.582,19.0,8.0,True,0.01
1378,1110.632,18.0,8.0,True,0.01
1379,1111.982,21.0,8.0,True,0.01
1380,1105.882,13.0,8.0,True,0.01
1381,1113.882,23.0,8.0,True,0.01
1382,1106.282,15.0,8.0,True,0.01
1383,1110.882,23.0,8.0,True,0.01
1384,1106.682,17.0,8.0,True,0.01
1385,1107.782,15.0,8.0,True,0.01
1386,227.076,11.0,4.0,False,0.01
1387,688.471,20.0,6.0,False,0.01
1388,1107.232,16.0,8.0,True,0.01
1389,1107.782,15.0,8.0,True,0.01
1390,885.625,13.0,7.0,False,0.01
1391,684.521,19.0,6.0,False,0.01
1392,683.571,18.0,6.0,False,0.01
1393,3650.298,18.0,9.0,True,0.01
1394,499.813,16.0,5.0,False,0.01
1395,225.726,8.0,4.0,False,0.01
1396,1109.682,17.0,8.0,True,0.01
1397,1115.482,31.0,8.0,True,0.01
1398,683.171,16.0,6.0,False,0.01
1399,-186.3,6.0,1.0,False,0.01
1400,3651.098,22.0,9.0,True,0.01
1401,1109.132,18.0,8.0,True,0.01
1402,494.663,9.0,5.0,False,0.01
1403,-65.276,5.0,2.0,False,0.01
1404,1112.782,25.0,8.0,True,0.01
1405,227.626,10.0,4.0,False,0.01
1406,-66.226,4.0,2.0,False,0.01
1407,1111.982,21.0,8.0,True,0.01
1408,1111.582,19.0,8.0,True,0.01
1409,3652.598,22.0,9.0,True,0.01
1410,1110.082,19.0,8.0,True,0.01
1411,71.096,5.0,3.0,False,0.01
1412,884.125,13.0,7.0,False,0.01
1413,3652.198,20.0,9.0,True,0.01
1414,1107.782,15.0,8.0,True,0.01
1415,1106.832,14.0,8.0,True,0.01
1416,683.721,15.0,6.0,False,0.01
1417,3646.898,16.0,9.0,True,0.01
1418,498.863,15.0,5.0,False,0.01
1419,1106.282,15.0,8.0,True,0.01
1420,887.525,15.0,7.0,False,0.01
1421,1107.782,15.0,8.0,True,0.01
1422,224.776,7.0,4.0,False,0.01
1423,1113.882,23.0,8.0,True,0.01
1424,683.171,16.0,6.0,False,0.01
1425,1107.782,15.0,8.0,True,0.01
1426,1108.732,16.0,8.0,True,0.01
1427,3649.198,20.0,9.0,True,0.01
1428,684.121,17.0,6.0,False,0.01
1429,3648.798,18.0,9.0,True,0.01
1430,1111.582,19.0,8.0,True,0.01
1431,494.663,9.0,5.0,False,0.01
1432,1111.582,19.0,8.0,True,0.01
1433,1103.982,11.0,8.0,True,0.01
1434,885.625,13.0,7.0,False,0.01
1435,683.421,21.0,6.0,False,0.01
1436,1108.182,17.0,8.0,True,0.01
1437,1110.482,21.0,8.0,True,0.01
1438,885.625,13.0,7.0,False,0.01
1439,1105.882,13.0,8.0,True,0.01
1440,223.826,6.0,4.0,False,0.01
1441,1107.782,15.0,8.0,True,0.01
1442,498.313,16.0,5.0,False,0.01
1443,1107.782,15.0,8.0,True,0.01
1444,222.876,5.0,4.0,False,0.01
1445,889.825,19.0,7.0,False,0.01
1446,494.663,9.0,5.0,False,0.01
1447,1108.182,17.0,8.0,True,0.01
1448,1110.482,21.0,8.0,True,0.01
1449,884.125,13.0,7.0,False,0.01
1450,-63.376,7.0,2.0,False,0.01
1451,3650.298,18.0,9.0,True,0.01
1452,495.613,10.0,5.0,False,0.01
1453,1109.682,17.0,8.0,True,0.01
1454,685.071,18.0,6.0,False,0.01
1455,71.096,5.0,3.0,False,0.01
1456,1111.982,21.0,8.0,True,0.01
1457,1105.882,13.0,8.0,True,0.01
1458,1106.832,14.0,8.0,True,0.01
1459,678.571,8.0,6.0,False,0.01
1460,3649.598,22.0,9.0,True,0.01
1461,499.413,14.0,5.0,False,0.01
1462,3648.398,16.0,9.0,True,0.01
1463,227.076,11.0,4.0,False,0.01
1464,227.476,13.0,4.0,False,0.01
1465,683.171,16.0,6.0,False,0.01
1466,228.426,14.0,4.0,False,0.01
1467,3655.298,28.0,9.0,True,0.01
1468,226.126,10.0,4.0,False,0.01
1469,1107.082,19.0,8.0,True,0.01
1470,887.525,15.0,7.0,False,0.01
1471,72.046,6.0,3.0,False,0.01
1472,889.425,17.0,7.0,False,0.01
1473,223.826,6.0,4.0,False,0.01
1474,496.413,14.0,5.0,False,0.01
1475,1110.482,21.0,8.0,True,0.01
1476,1107.782,15.0,8.0,True,0.01
1477,1107.782,15.0,8.0,True,0.01
1478,1109.682,17.0,8.0,True,0.01
1479,889.825,19.0,7.0,False,0.01
1480,1111.582,19.0,8.0,True,0.01
1481,682.221,15.0,6.0,False,0.01
1482,1107.782,15.0,8.0,True,0.01
1483,1110.082,19.0,8.0,True,0.01
1484,229.376,15.0,4.0,False,0.01
1485,887.925,17.0,7.0,False,0.01
1486,1108.582,19.0,8.0,True,0.01
1487,498.463,13.0,5.0,False,0.01
1488,1108.182,17.0,8.0,True,0.01
1489,1114.282,25.0,8.0,True,0.01
1490,227.476,13.0,4.0,False,0.01
1491,684.121,17.0,6.0,False,0.01
1492,1107.782,15.0,8.0,True,0.01
1493,889.825,19.0,7.0,False,0.01
1494,3648.798,18.0,9.0,True,0.01
1495,683.721,15.0,6.0,False,0.01
1496,1105.882,13.0,8.0,True,0.01
1497,1109.132,18.0,8.0,True,0.01
1498,1107.782,15.0,8.0,True,0.01
1499,681.821,13.0,6.0,False,0.01
1500,679.521,9.0,6.0,False,0.01
1501,1105.882,13.0,8.0,True,0.01
1502,224.776,7.0,4.0,False,0.01
1503,1108.582,19.0,8.0,True,0.01
1504,1111.982,21.0,8.0,True,0.01
1505,3652.198,20.0,9.0,True,0.01
1506,885.625,13.0,7.0,False,0.01
1507,3650.698,20.0,9.0,True,0.01
1508,492.763,7.0,5.0,False,0.01
1509,3651.098,22.0,9.0,True,0.01
1510,225.726,8.0,4.0,False,0.01
1511,495.613,10.0,5.0,False,0.01
1512,1108.982,21.0,8.0,True,0.01
1513,3649.598,22.0,9.0,True,0.01
1514,3650.298,18.0,9.0,True,0.01
1515,679.521,9.0,6.0,False,0.01
1516,498.463,13.0,5.0,False,0.01
1517,227.626,10.0,4.0,False,0.01
1518,3652.198,20.0,9.0,True,0.01
1519,1110.082,19.0,8.0,True,0.01
1520,1111.582,19.0,8.0,True,0.01
1521,224.776,7.0,4.0,False,0.01
1522,681.821,13.0,6.0,False,0.01
1523,1115.782,25.0,8.0,True,0.01
1524,3648.398,16.0,9.0,True,0.01
1525,883.725,11.0,7.0,False,0.01
1526,3648.398,16.0,9.0,True,0.01
1527,1113.482,21.0,8.0,True,0.01
1528,3646.898,16.0,9.0,True,0.01
1529,-64.876,7.0,2.0,False,0.01
1530,496.963,13.0,5.0,False,0.01
1531,1112.782,25.0,8.0,True,0.01
1532,682.771,14.0,6.0,False,0.01
1533,495.613,10.0,5.0,False,0.01
1534,3648.398,16.0,9.0,True,0.01
1535,497.913,14.0,5.0,False,0.01
1536,1107.232,16.0,8.0,True,0.01
1537,497.513,12.0,5.0,False,0.01
1538,495.463,13.0,5.0,False,0.01
1539,889.425,17.0,7.0,False,0.01
1540,681.421,11.0,6.0,False,0.01
1541,3650.298,18.0,9.0,True,0.01
1542,681.421,11.0,6.0,False,0.01
1543,1109.682,17.0,8.0,True,0.01
1544,3648.398,16.0,9.0,True,0.01
1545,72.996,7.0,3.0,False,0.01
1546,682.221,15.0,6.0,False,0.01
1547,-188.2,4.0,1.0,False,0.01
1548,3647.298,18.0,9.0,True,0.01
1549,1112.382,23.0,8.0,True,0.01
1550,680.871,12.0,6.0,False,0.01
1551,-65.276,5.0,2.0,False,0.01
1552,1110.482,21.0,8.0,True,0.01
1553,228.576,11.0,4.0,False,0.01
1554,3650.298,18.0,9.0,True,0.01
1555,501.713,18.0,5.0,False,0.01
1556,229.776,17.0,4.0,False,0.01
1557,1106.832,14.0,8.0,True,0.01
1558,680.471,10.0,6.0,False,0.01
1559,227.476,13.0,4.0,False,0.01
1560,3654.498,24.0,9.0,True,0.01
1561,686.571,18.0,6.0,False,0.01
1562,1111.982,21.0,8.0,True,0.01
1563,1108.732,16.0,8.0,True,0.01
1564,1107.782,15.0,8.0,True,0.01
1565,1109.682,17.0,8.0,True,0.01
1566,1109.682,17.0,8.0,True,0.01
1567,3650.698,20.0,9.0,True,0.01
1568,223.826,6.0,4.0,False,0.01
1569,-189.15,3.0,1.0,False,0.01
1570,496.013,12.0,5.0,False,0.01
1571,883.175,12.0,7.0,False,0.01
1572,496.413,14.0,5.0,False,0.01
1573,682.221,15.0,6.0,False,0.01
1574,1107.782,15.0,8.0,True,0.01
1575,1107.782,15.0,8.0,True,0.01
1576,887.225,21.0,7.0,False,0.01
1577,1108.182,17.0,8.0,True,0.01
1578,75.846,10.0,3.0,False,0.01
1579,73.396,9.0,3.0,False,0.01
1580,1107.632,18.0,8.0,True,0.01
1581,681.421,11.0,6.0,False,0.01
1582,1112.382,23.0,8.0,True,0.01
1583,1108.982,21.0,8.0,True,0.01
1584,227.626,10.0,4.0,False,0.01
1585,1108.582,19.0,8.0,True,0.01
1586,1110.082,19.0,8.0,True,0.01
1587,887.525,15.0,7.0,False,0.01
1588,1108.032,20.0,8.0,True,0.01
1589,1110.482,21.0,8.0,True,0.01
1590,681.421,11.0,6.0,False,0.01
1591,1108.982,21.0,8.0,True,0.01
1592,226.676,9.0,4.0,False,0.01
1593,886.025,15.0,7.0,False,0.01
1594,73.396,9.0,3.0,False,0.01
1595,890.625,23.0,7.0,False,0.01
1596,3647.298,18.0,9.0,True,0.01
1597,681.421,11.0,6.0,False,0.01
1598,1111.582,19.0,8.0,True,0.01
1599,-66.226,4.0,2.0,False,0.01
1600,227.626,10.0,4.0,False,0.01
1601,-62.426,8.0,2.0,False,0.01
1602,224.776,7.0,4.0,False,0.01
1603,888.325,19.0,7.0,False,0.01
1604,1110.082,19.0,8.0,True,0.01
1605,226.126,10.0,4.0,False,0.01
1606,685.221,15.0,6.0,False,0.01
1607,497.363,15.0,5.0,False,0.01
1608,227.626,10.0,4.0,False,0.01
1609,229.526,12.0,4.0,False,0.01
1610,1113.882,23.0,8.0,True,0.01
1611,3646.898,16.0,9.0,True,0.01
1612,1110.482,21.0,8.0,True,0.01
1613,3649.598,22.0,9.0,True,0.01
1614,1112.382,23.0,8.0,True,0.01
1615,1109.682,17.0,8.0,True,0.01
1616,1108.182,17.0,8.0,True,0.01
1617,226.126,10.0,4.0,False,0.01
1618,885.625,13.0,7.0,False,0.01
1619,494.663,9.0,5.0,False,0.01
1620,1110.482,21.0,8.0,True,0.01
1621,1106.682,17.0,8.0,True,0.01
1622,682.221,15.0,6.0,False,0.01
1623,226.676,9.0,4.0,False,0.01
1624,72.996,7.0,3.0,False,0.01
1625,686.171,16.0,6.0,False,0.01
1626,682.371,12.0,6.0,False,0.01
1627,1108.182,17.0,8.0,True,0.01
1628,227.876,15.0,4.0,False,0.01
1629,683.321,13.0,6.0,False,0.01
1630,1110.082,19.0,8.0,True,0.01
1631,1109.682,17.0,8.0,True,0.01
1632,1113.482,21.0,8.0,True,0.01
1633,496.963,13.0,5.0,False,0.01
1634,1107.782,15.0,8.0,True,0.01
1635,3648.798,18.0,9.0,True,0.01
1636,887.525,15.0,7.0,False,0.01
1637,228.426,14.0,4.0,False,0.01
1638,680.471,10.0,6.0,False,0.01
1639,1104.782,15.0,8.0,True,0.01
1640,-62.426,8.0,2.0,False,0.01
1641,683.721,15.0,6.0,False,0.01
1642,684.921,21.0,6.0,False,0.01
1643,1110.882,23.0,8.0,True,0.01
1644,1103.982,11.0,8.0,True,0.01
1645,223.826,6.0,4.0,False,0.01
1646,229.776,17.0,4.0,False,0.01
1647,1102.082,9.0,8.0,True,0.01
1648,224.776,7.0,4.0,False,0.01
1649,224.226,8.0,4.0,False,0.01
1650,888.725,21.0,7.0,False,0.01
1651,224.776,7.0,4.0,False,0.01
1652,503.063,21.0,5.0,False,0.01
1653,1113.482,21.0,8.0,True,0.01
1654,495.063,11.0,5.0,False,0.01
1655,-67.176,3.0,2.0,False,0.01
1656,227.076,11.0,4.0,False,0.01
1657,3644.598,12.0,9.0,True,0.01
1658,3649.198,20.0,9.0,True,0.01
1659,3646.898,16.0,9.0,True,0.01
1660,1106.282,15.0,8.0,True,0.01
1661,681.821,13.0,6.0,False,0.01
1662,227.626,10.0,4.0,False,0.01
1663,1114.282,25.0,8.0,True,0.01
1664,1109.682,17.0,8.0,True,0.01
1665,881.825,9.0,7.0,False,0.01
1666,685.221,15.0,6.0,False,0.01
1667,1110.082,19.0,8.0,True,0.01
1668,1109.682,17.0,8.0,True,0.01
1669,228.026,12.0,4.0,False,0.01
1670,1105.882,13.0,8.0,True,0.01
1671,226.126,10.0,4.0,False,0.01
1672,686.021,19.0,6.0,False,0.01
1673,685.221,15.0,6.0,False,0.01
1674,1107.782,15.0,8.0,True,0.01
1675,495.063,11.0,5.0,False,0.01
1676,496.563,11.0,5.0,False,0.01
1677,224.776,7.0,4.0,False,0.01
1678,886.025,15.0,7.0,False,0.01
1679,1110.482,21.0,8.0,True,0.01
1680,684.671,16.0,6.0,False,0.01
1681,-64.476,9.0,2.0,False,0.01
1682,1107.782,15.0,8.0,True,0.01
1683,3650.698,20.0,9.0,True,0.01
1684,496.413,14.0,5.0,False,0.01
1685,1110.482,21.0,8.0,True,0.01
1686,1105.882,13.0,8.0,True,0.01
1687,1108.182,17.0,8.0,True,0.01
1688,1106.682,17.0,8.0,True,0.01
1689,686.021,19.0,6.0,False,0.01
1690,884.125,13.0,7.0,False,0.01
1691,684.121,17.0,6.0,False,0.01
1692,885.625,13.0,7.0,False,0.01
1693,1107.782,15.0,8.0,True,0.01
1694,886.025,15.0,7.0,False,0.01
1695,883.725,11.0,7.0,False,0.01
1696,1107.782,15.0,8.0,True,0.01
1697,1109.682,17.0,8.0,True,0.01
1698,-65.276,5.0,2.0,False,0.01
1699,1114.282,25.0,8.0,True,0.01
1700,1108.982,21.0,8.0,True,0.01
1701,884.525,15.0,7.0,False,0.01
1702,1112.382,23.0,8.0,True,0.01
1703,1113.182,27.0,8.0,True,0.01
1704,3647.298,18.0,9.0,True,0.01
1705,1107.782,15.0,8.0,True,0.01
1706,684.121,17.0,6.0,False,0.01
1707,3648.098,22.0,9.0,True,0.01
1708,3646.498,14.0,9.0,True,0.01
1709,1108.182,17.0,8.0,True,0.01
1710,495.613,10.0,5.0,False,0.01
1711,3652.198,20.0,9.0,True,0.01
1712,681.421,11.0,6.0,False,0.01
1713,887.525,15.0,7.0,False,0.01
1714,1103.982,11.0,8.0,True,0.01
1715,889.425,17.0,7.0,False,0.01
1716,1110.882,23.0,8.0,True,0.01
1717,3649.198,20.0,9.0,True,0.01
1718,887.925,17.0,7.0,False,0.01
1719,1108.582,19.0,8.0,True,0.01
1720,224.226,8.0,4.0,False,0.01
1721,229.376,15.0,4.0,False,0.01
1722,1111.582,19.0,8.0,True,0.01
1723,496.563,11.0,5.0,False,0.01
1724,3647.298,18.0,9.0,True,0.01
1725,888.325,19.0,7.0,False,0.01
1726,1106.282,15.0,8.0,True,0.01
1727,1107.782,15.0,8.0,True,0.01
1728,498.313,16.0,5.0,False,0.01
1729,1111.582,19.0,8.0,True,0.01
1730,1109.682,17.0,8.0,True,0.01
1731,3648.398,16.0,9.0,True,0.01
1732,72.996,7.0,3.0,False,0.01
1733,229.776,17.0,4.0,False,0.01
1734,885.625,13.0,7.0,False,0.01
1735,224.776,7.0,4.0,False,0.01
1736,3651.898,26.0,9.0,True,0.01
1737,685.221,15.0,6.0,False,0.01
1738,226.676,9.0,4.0,False,0.01
1739,71.096,5.0,3.0,False,0.01
1740,887.925,17.0,7.0,False,0.01
1741,1107.782,15.0,8.0,True,0.01
1742,227.476,13.0,4.0,False,0.01
1743,3648.398,16.0,9.0,True,0.01
1744,73.946,8.0,3.0,False,0.01
1745,683.171,16.0,6.0,False,0.01
1746,72.296,11.0,3.0,False,0.01
1747,1105.332,14.0,8.0,True,0.01
1748,681.421,11.0,6.0,False,0.01
1749,1110.082,19.0,8.0,True,0.01
1750,685.621,17.0,6.0,False,0.01
1751,228.976,13.0,4.0,False,0.01
1752,682.621,17.0,6.0,False,0.01
1753,887.925,17.0,7.0,False,0.01
1754,1107.782,15.0,8.0,True,0.01
1755,225.726,8.0,4.0,False,0.01
1756,1106.682,17.0,8.0,True,0.01
1757,3646.498,14.0,9.0,True,0.01
1758,887.925,17.0,7.0,False,0.01
1759,1109.682,17.0,8.0,True,0.01
1760,73.396,9.0,3.0,False,0.01
1761,1106.282,15.0,8.0,True,0.01
1762,225.726,8.0,4.0,False,0.01
1763,683.321,13.0,6.0,False,0.01
1764,683.721,15.0,6.0,False,0.01
1765,1108.982,21.0,8.0,True,0.01
1766,1107.782,15.0,8.0,True,0.01
1767,889.825,19.0,7.0,False,0.01
1768,888.325,19.0,7.0,False,0.01
1769,1106.682,17.0,8.0,True,0.01
1770,1108.982,21.0,8.0,True,0.01
1771,496.963,13.0,5.0,False,0.01
1772,685.621,17.0,6.0,False,0.01
1773,3651.498,24.0,9.0,True,0.01
1774,227.476,13.0,4.0,False,0.01
1775,685.221,15.0,6.0,False,0.01
1776,1103.982,11.0,8.0,True,0.01
1777,1109.682,17.0,8.0,True,0.01
1778,1111.982,21.0,8.0,True,0.01
1779,1108.182,17.0,8.0,True,0.01
1780,-65.276,5.0,2.0,False,0.01
1781,1108.582,19.0,8.0,True,0.01
1782,892.125,23.0,7.0,False,0.01
1783,496.413,14.0,5.0,False,0.01
1784,1111.032,20.0,8.0,True,0.01
1785,1110.082,19.0,8.0,True,0.01
1786,1107.782,15.0,8.0,True,0.01
1787,1110.482,21.0,8.0,True,0.01
1788,1108.182,17.0,8.0,True,0.01
1789,887.925,17.0,7.0,False,0.01
1790,3646.498,14.0,9.0,True,0.01
1791,887.525,15.0,7.0,False,0.01
1792,1105.882,13.0,8.0,True,0.01
1793,888.325,19.0,7.0,False,0.01
1794,499.263,17.0,5.0,False,0.01
1795,3646.498,14.0,9.0,True,0.01
1796,224.776,7.0,4.0,False,0.01
1797,1108.582,19.0,8.0,True,0.01
1798,225.176,9.0,4.0,False,0.01
1799,1114.682,27.0,8.0,True,0.01
1800,686.571,18.0,6.0,False,0.01
1801,3646.498,14.0,9.0,True,0.01
1802,-65.276,5.0,2.0,False,0.01
1803,226.126,10.0,4.0,False,0.01
1804,889.825,19.0,7.0,False,0.01
1805,885.625,13.0,7.0,False,0.01
1806,228.976,13.0,4.0,False,0.01
1807,3649.198,20.0,9.0,True,0.01
1808,496.563,11.0,5.0,False,0.01
1809,1108.982,21.0,8.0,True,0.01
1810,-189.15,3.0,1.0,False,0.01
1811,1113.882,23.0,8.0,True,0.01
1812,684.121,17.0,6.0,False,0.01
1813,1107.232,16.0,8.0,True,0.01
1814,681.421,11.0,6.0,False,0.01
1815,683.571,18.0,6.0,False,0.01
1816,1108.732,16.0,8.0,True,0.01
1817,498.563,21.0,5.0,False,0.01
1818,222.876,5.0,4.0,False,0.01
1819,1108.732,16.0,8.0,True,0.01
1820,684.271,14.0,6.0,False,0.01
1821,-189.15,3.0,1.0,False,0.01
1822,885.075,14.0,7.0,False,0.01
1823,1112.382,23.0,8.0,True,0.01
1824,681.271,14.0,6.0,False,0.01
1825,224.776,7.0,4.0,False,0.01
1826,1111.582,19.0,8.0,True,0.01
1827,681.821,13.0,6.0,False,0.01
1828,225.176,9.0,4.0,False,0.01
1829,-65.276,5.0,2.0,False,0.01
1830,-66.226,4.0,2.0,False,0.01
1831,497.913,14.0,5.0,False,0.01
1832,889.425,17.0,7.0,False,0.01
1833,684.121,17.0,6.0,False,0.01
1834,1112.382,23.0,8.0,True,0.01
1835,887.525,15.0,7.0,False,0.01
1836,224.776,7.0,4.0,False,0.01
1837,1110.482,21.0,8.0,True,0.01
1838,681.821,13.0,6.0,False,0.01
1839,3647.698,20.0,9.0,True,0.01
1840,1110.082,19.0,8.0,True,0.01
1841,1108.982,21.0,8.0,True,0.01
1842,1115.382,23.0,8.0,True,0.01
1843,886.575,14.0,7.0,False,0.01
1844,1108.182,17.0,8.0,True,0.01
1845,225.726,8.0,4.0,False,0.01
1846,1110.482,21.0,8.0,True,0.01
1847,683.721,15.0,6.0,False,0.01
1848,1107.782,15.0,8.0,True,0.01
1849,1113.882,23.0,8.0,True,0.01
1850,1113.182,27.0,8.0,True,0.01
1851,494.663,9.0,5.0,False,0.01
1852,3649.198,20.0,9.0,True,0.01
1853,1109.682,17.0,8.0,True,0.01
1854,224.776,7.0,4.0,False,0.01
1855,226.676,9.0,4.0,False,0.01
1856,680.321,13.0,6.0,False,0.01
1857,-65.276,5.0,2.0,False,0.01
1858,223.826,6.0,4.0,False,0.01
1859,1106.682,17.0,8.0,True,0.01
1860,1113.182,27.0,8.0,True,0.01
1861,3650.298,18.0,9.0,True,0.01
1862,497.513,12.0,5.0,False,0.01
1863,495.063,11.0,5.0,False,0.01
1864,3651.098,22.0,9.0,True,0.01
1865,1111.582,19.0,8.0,True,0.01
1866,683.571,18.0,6.0,False,0.01
1867,-65.276,5.0,2.0,False,0.01
1868,1112.532,20.0,8.0,True,0.01
1869,496.563,11.0,5.0,False,0.01
1870,1110.082,19.0,8.0,True,0.01
1871,227.626,10.0,4.0,False,0.01
1872,3650.298,18.0,9.0,True,0.01
1873,684.121,17.0,6.0,False,0.01
1874,886.025,15.0,7.0,False,0.01
1875,3650.298,18.0,9.0,True,0.01
1876,886.025,15.0,7.0,False,0.01
1877,685.621,17.0,6.0,False,0.01
1878,1109.782,25.0,8.0,True,0.01
1879,684.921,21.0,6.0,False,0.01
1880,1108.982,21.0,8.0,True,0.01
1881,887.525,15.0,7.0,False,0.01
1882,685.221,15.0,6.0,False,0.01
1883,686.021,19.0,6.0,False,0.01
1884,225.726,8.0,4.0,False,0.01
1885,682.371,12.0,6.0,False,0.01
1886,1106.282,15.0,8.0,True,0.01
1887,1109.132,18.0,8.0,True,0.01
1888,886.025,15.0,7.0,False,0.01
1889,496.013,12.0,5.0,False,0.01
1890,683.321,13.0,6.0,False,0.01
1891,1112.382,23.0,8.0,True,0.01
1892,1107.782,15.0,8.0,True,0.01
1893,887.925,17.0,7.0,False,0.01
1894,1110.082,19.0,8.0,True,0.01
1895,681.821,13.0,6.0,False,0.01
1896,225.726,8.0,4.0,False,0.01
1897,3644.998,14.0,9.0,True,0.01
1898,3648.798,18.0,9.0,True,0.01
1899,-63.926,8.0,2.0,False,0.01
1900,3650.298,18.0,9.0,True,0.01
1901,682.371,12.0,6.0,False,0.01
1902,3646.898,16.0,9.0,True,0.01
1903,1109.682,17.0,8.0,True,0.01
1904,887.925,17.0,7.0,False,0.01
1905,1110.082,19.0,8.0,True,0.01
1906,683.321,13.0,6.0,False,0.01
1907,888.725,21.0,7.0,False,0.01
1908,683.321,13.0,6.0,False,0.01
1909,690.371,22.0,6.0,False,0.01
1910,1112.382,23.0,8.0,True,0.01
1911,1112.782,25.0,8.0,True,0.01
1912,1103.982,11.0,8.0,True,0.01
1913,70.146,4.0,3.0,False,0.01
1914,-66.226,4.0,2.0,False,0.01
1915,-190.1,2.0,1.0,False,0.01
1916,3650.298,18.0,9.0,True,0.01
1917,3648.398,16.0,9.0,True,0.01
1918,226.126,10.0,4.0,False,0.01
1919,226.676,9.0,4.0,False,0.01
1920,678.571,8.0,6.0,False,0.01
1921,1110.482,21.0,8.0,True,0.01
1922,1111.982,21.0,8.0,True,0.01
1923,1109.682,17.0,8.0,True,0.01
1924,224.776,7.0,4.0,False,0.01
1925,1109.682,17.0,8.0,True,0.01
1926,3648.398,16.0,9.0,True,0.01
1927,686.021,19.0,6.0,False,0.01
1928,1109.682,17.0,8.0,True,0.01
1929,1108.732,16.0,8.0,True,0.01
1930,682.371,12.0,6.0,False,0.01
1931,1112.382,23.0,8.0,True,0.01
1932,1111.982,21.0,8.0,True,0.01
1933,3652.198,20.0,9.0,True,0.01
1934,227.626,10.0,4.0,False,0.01
1935,884.675,12.0,7.0,False,0.01
1936,886.425,17.0,7.0,False,0.01
1937,889.275,20.0,7.0,False,0.01
1938,1108.582,19.0,8.0,True,0.01
1939,1111.582,19.0,8.0,True,0.01
1940,1112.782,25.0,8.0,True,0.01
1941,1109.682,17.0,8.0,True,0.01
1942,225.176,9.0,4.0,False,0.01
1943,1105.882,13.0,8.0,True,0.01
1944,226.126,10.0,4.0,False,0.01
1945,684.371,22.0,6.0,False,0.01
1946,1111.282,25.0,8.0,True,0.01
1947,228.426,14.0,4.0,False,0.01
1948,-65.276,5.0,2.0,False,0.01
1949,496.963,13.0,5.0,False,0.01
1950,226.676,9.0,4.0,False,0.01
1951,-64.876,7.0,2.0,False,0.01
1952,1105.882,13.0,8.0,True,0.01
1953,3646.498,14.0,9.0,True,0.01
1954,1108.982,21.0,8.0,True,0.01
1955,685.871,22.0,6.0,False,0.01
1956,226.676,9.0,4.0,False,0.01
1957,1108.182,17.0,8.0,True,0.01
1958,71.096,5.0,3.0,False,0.01
1959,1105.882,13.0,8.0,True,0.01
1960,3652.598,22.0,9.0,True,0.01
1961,227.626,10.0,4.0,False,0.01
1962,3648.398,16.0,9.0,True,0.01
1963,886.825,19.0,7.0,False,0.01
1964,3653.398,26.0,9.0,True,0.01
1965,683.321,13.0,6.0,False,0.01
1966,1105.882,13.0,8.0,True,0.01
1967,684.121,17.0,6.0,False,0.01
1968,1109.382,23.0,8.0,True,0.01
1969,494.663,9.0,5.0,False,0.01
1970,224.776,7.0,4.0,False,0.01
1971,684.121,17.0,6.0,False,0.01
1972,681.421,11.0,6.0,False,0.01
1973,3650.298,18.0,9.0,True,0.01
1974,3649.198,20.0,9.0,True,0.01
1975,498.163,19.0,5.0,False,0.01
1976,3648.798,18.0,9.0,True,0.01
1977,1104.782,15.0,8.0,True,0.01
1978,224.776,7.0,4.0,False,0.01
1979,3648.398,16.0,9.0,True,0.01
1980,1106.282,15.0,8.0,True,0.01
1981,1109.682,17.0,8.0,True,0.01
1982,1114.282,25.0,8.0,True,0.01
1983,224.776,7.0,4.0,False,0.01
1984,494.663,9.0,5.0,False,0.01
1985,682.221,15.0,6.0,False,0.01
1986,682.221,15.0,6.0,False,0.01
1987,1109.682,17.0,8.0,True,0.01
1988,1111.582,19.0,8.0,True,0.01
1989,1104.932,12.0,8.0,True,0.01
1990,225.726,8.0,4.0,False,0.01
1991,1110.082,19.0,8.0,True,0.01
1992,3650.698,20.0,9.0,True,0.01
1993,1110.082,19.0,8.0,True,0.01
1994,1111.582,19.0,8.0,True,0.01
1995,1113.482,21.0,8.0,True,0.01
1996,1111.982,21.0,8.0,True,0.01
1997,685.221,15.0,6.0,False,0.01
1998,3652.198,20.0,9.0,True,0.01
1999,1107.782,15.0,8.0,True,0.01
2000,1115.082,29.0,8.0,True,0.01
2001,1106.282,15.0,8.0,True,0.01
2002,685.221,15.0,6.0,False,0.01
2003,224.776,7.0,4.0,False,0.01
2004,1110.082,19.0,8.0,True,0.01
2005,1109.682,17.0,8.0,True,0.01
2006,1106.282,15.0,8.0,True,0.01
2007,-65.276,5.0,2.0,False,0.01
2008,223.676,9.0,4.0,False,0.01
2009,3648.798,18.0,9.0,True,0.01
2010,886.025,15.0,7.0,False,0.01
2011,685.871,22.0,6.0,False,0.01
2012,1110.882,23.0,8.0,True,0.01
2013,1109.682,17.0,8.0,True,0.01
2014,1107.232,16.0,8.0,True,0.01
2015,1107.782,15.0,8.0,True,0.01
2016,1106.282,15.0,8.0,True,0.01
2017,681.421,11.0,6.0,False,0.01
2018,685.221,15.0,6.0,False,0.01
2019,3646.498,14.0,9.0,True,0.01
2020,495.063,11.0,5.0,False,0.01
2021,1107.782,15.0,8.0,True,0.01
2022,887.925,17.0,7.0,False,0.01
2023,681.821,13.0,6.0,False,0.01
2024,1108.582,19.0,8.0,True,0.01
2025,683.321,13.0,6.0,False,0.01
2026,684.671,16.0,6.0,False,0.01
2027,3650.698,20.0,9.0,True,0.01
2028,1112.782,25.0,8.0,True,0.01
2029,681.821,13.0,6.0,False,0.01
2030,885.625,13.0,7.0,False,0.01
2031,887.525,15.0,7.0,False,0.01
2032,1106.282,15.0,8.0,True,0.01
2033,683.721,15.0,6.0,False,0.01
2034,1108.732,16.0,8.0,True,0.01
2035,226.676,9.0,4.0,False,0.01
2036,887.525,15.0,7.0,False,0.01
2037,1108.582,19.0,8.0,True,0.01
2038,3651.098,22.0,9.0,True,0.01
2039,1113.482,21.0,8.0,True,0.01
2040,684.121,17.0,6.0,False,0.01
2041,683.171,16.0,6.0,False,0.01
2042,1112.382,23.0,8.0,True,0.01
2043,1113.482,21.0,8.0,True,0.01
2044,224.776,7.0,4.0,False,0.01
2045,1106.282,15.0,8.0,True,0.01
2046,1108.582,19.0,8.0,True,0.01
2047,497.913,14.0,5.0,False,0.01
2048,681.821,13.0,6.0,False,0.01
2049,1109.682,17.0,8.0,True,0.01
2050,227.626,10.0,4.0,False,0.01
2051,1108.182,17.0,8.0,True,0.01
2052,1107.782,15.0,8.0,True,0.01
2053,1106.682,17.0,8.0,True,0.01
2054,883.725,11.0,7.0,False,0.01
2055,497.513,12.0,5.0,False,0.01
2056,683.721,15.0,6.0,False,0.01
2057,887.225,21.0,7.0,False,0.01
2058,1113.482,21.0,8.0,True,0.01
2059,1110.482,21.0,8.0,True,0.01
2060,683.321,13.0,6.0,False,0.01
2061,681.421,11.0,6.0,False,0.01
2062,-187.25,5.0,1.0,False,0.01
2063,688.321,23.0,6.0,False,0.01
2064,1109.682,17.0,8.0,True,0.01
2065,1103.982,11.0,8.0,True,0.01
2066,681.421,11.0,6.0,False,0.01
2067,680.321,13.0,6.0,False,0.01
2068,681.421,11.0,6.0,False,0.01
2069,-67.176,3.0,2.0,False,0.01
2070,1106.832,14.0,8.0,True,0.01
2071,1106.682,17.0,8.0,True,0.01
2072,495.613,10.0,5.0,False,0.01
2073,891.725,21.0,7.0,False,0.01
2074,1111.982,21.0,8.0,True,0.01
2075,3642.698,10.0,9.0,True,0.01
2076,1109.382,23.0,8.0,True,0.01
2077,231.426,14.0,4.0,False,0.01
2078,887.925,17.0,7.0,False,0.01
2079,1109.682,17.0,8.0,True,0.01
2080,496.013,12.0,5.0,False,0.01
2081,3646.498,14.0,9.0,True,0.01
2082,3644.998,14.0,9.0,True,0.01
2083,683.721,15.0,6.0,False,0.01
2084,886.025,15.0,7.0,False,0.01
2085,74.896,9.0,3.0,False,0.01
2086,1108.182,17.0,8.0,True,0.01
2087,1107.082,19.0,8.0,True,0.01
2088,227.476,13.0,4.0,False,0.01
2089,3650.698,20.0,9.0,True,0.01
2090,3648.798,18.0,9.0,True,0.01
2091,3648.798,18.0,9.0,True,0.01
2092,3646.898,16.0,9.0,True,0.01
2093,681.821,13.0,6.0,False,0.01
2094,684.921,21.0,6.0,False,0.01
2095,3650.298,18.0,9.0,True,0.01
2096,887.925,17.0,7.0,False,0.01
2097,-65.276,5.0,2.0,False,0.01
2098,887.925,17.0,7.0,False,0.01
2099,3649.198,20.0,9.0,True,0.01
2100,492.763,7.0,5.0,False,0.01
2101,222.876,5.0,4.0,False,0.01
2102,1111.582,19.0,8.0,True,0.01
2103,495.613,10.0,5.0,False,0.01
2104,683.721,15.0,6.0,False,0.01
2105,1112.382,23.0,8.0,True,0.01
2106,1105.882,13.0,8.0,True,0.01
2107,1109.682,17.0,8.0,True,0.01
2108,685.621,17.0,6.0,False,0.01
2109,225.976,13.0,4.0,False,0.01
2110,1105.882,13.0,8.0,True,0.01
2111,224.776,7.0,4.0,False,0.01
2112,3648.798,18.0,9.0,True,0.01
2113,226.126,10.0,4.0,False,0.01
2114,1111.582,19.0,8.0,True,0.01
2115,1108.182,17.0,8.0,True,0.01
2116,681.421,11.0,6.0,False,0.01
2117,1110.482,21.0,8.0,True,0.01
2118,886.425,17.0,7.0,False,0.01
2119,1106.682,17.0,8.0,True,0.01
2120,73.796,11.0,3.0,False,0.01
2121,497.363,15.0,5.0,False,0.01
2122,497.763,17.0,5.0,False,0.01
2123,681.421,11.0,6.0,False,0.01
2124,1106.682,17.0,8.0,True,0.01
2125,-67.176,3.0,2.0,False,0.01
2126,-65.276,5.0,2.0,False,0.01
2127,3648.798,18.0,9.0,True,0.01
2128,1114.282,25.0,8.0,True,0.01
2129,3648.398,16.0,9.0,True,0.01
2130,228.426,14.0,4.0,False,0.01
2131,228.576,11.0,4.0,False,0.01
2132,1109.682,17.0,8.0,True,0.01
2133,3648.398,16.0,9.0,True,0.01
2134,225.176,9.0,4.0,False,0.01
2135,678.421,11.0,6.0,False,0.01
2136,3646.498,14.0,9.0,True,0.01
2137,3649.198,20.0,9.0,True,0.01
2138,1111.982,21.0,8.0,True,0.01
2139,1111.032,20.0,8.0,True,0.01
2140,686.171,16.0,6.0,False,0.01
2141,75.696,13.0,3.0,False,0.01
2142,3646.898,16.0,9.0,True,0.01
2143,-65.026,10.0,2.0,False,0.01
2144,1109.682,17.0,8.0,True,0.01
2145,3650.698,20.0,9.0,True,0.01
2146,226.126,10.0,4.0,False,0.01
2147,1111.582,19.0,8.0,True,0.01
2148,1107.782,15.0,8.0,True,0.01
2149,498.313,16.0,5.0,False,0.01
2150,3652.998,24.0,9.0,True,0.01
2151,3647.298,18.0,9.0,True,0.01
2152,3648.398,16.0,9.0,True,0.01
2153,887.525,15.0,7.0,False,0.01
2154,683.171,16.0,6.0,False,0.01
2155,3646.498,14.0,9.0,True,0.01
2156,681.821,13.0,6.0,False,0.01
2157,682.221,15.0,6.0,False,0.01
2158,1106.682,17.0,8.0,True,0.01
2159,227.626,10.0,4.0,False,0.01
2160,1110.082,19.0,8.0,True,0.01
2161,1110.482,21.0,8.0,True,0.01
2162,1115.382,23.0,8.0,True,0.01
2163,1108.582,19.0,8.0,True,0.01
2164,3650.698,20.0,9.0,True,0.01
2165,497.363,15.0,5.0,False,0.01
2166,682.221,15.0,6.0,False,0.01
2167,225.176,9.0,4.0,False,0.01
2168,3650.298,18.0,9.0,True,0.01
2169,1108.732,16.0,8.0,True,0.01
2170,3650.298,18.0,9.0,True,0.01
2171,3648.798,18.0,9.0,True,0.01
2172,1105.882,13.0,8.0,True,0.01
2173,495.463,13.0,5.0,False,0.01
2174,226.126,10.0,4.0,False,0.01
2175,1109.682,17.0,8.0,True,0.01
2176,3650.298,18.0,9.0,True,0.01
2177,886.825,19.0,7.0,False,0.01
2178,3650.298,18.0,9.0,True,0.01
2179,495.613,10.0,5.0,False,0.01
2180,890.625,23.0,7.0,False,0.01
2181,3646.498,14.0,9.0,True,0.01
2182,3648.798,18.0,9.0,True,0.01
2183,-65.276,5.0,2.0,False,0.01
2184,1113.482,21.0,8.0,True,0.01
2185,494.663,9.0,5.0,False,0.01
2186,3649.198,20.0,9.0,True,0.01
2187,1107.782,15.0,8.0,True,0.01
2188,225.176,9.0,4.0,False,0.01
2189,884.925,17.0,7.0,False,0.01
2190,224.776,7.0,4.0,False,0.01
2191,3646.898,16.0,9.0,True,0.01
2192,1109.682,17.0,8.0,True,0.01
2193,224.776,7.0,4.0,False,0.01
2194,226.676,9.0,4.0,False,0.01
2195,1106.682,17.0,8.0,True,0.01
2196,3646.898,16.0,9.0,True,0.01
2197,1112.382,23.0,8.0,True,0.01
2198,685.221,15.0,6.0,False,0.01
2199,-65.276,5.0,2.0,False,0.01
2200,679.521,9.0,6.0,False,0.01
2201,682.371,12.0,6.0,False,0.01
2202,1107.782,15.0,8.0,True,0.01
2203,499.813,16.0,5.0,False,0.01
2204,1111.582,19.0,8.0,True,0.01
2205,1111.582,19.0,8.0,True,0.01
2206,888.875,18.0,7.0,False,0.01
2207,224.776,7.0,4.0,False,0.01
2208,682.221,15.0,6.0,False,0.01
2209,-65.276,5.0,2.0,False,0.01
2210,227.626,10.0,4.0,False,0.01
2211,886.425,17.0,7.0,False,0.01
2212,890.225,21.0,7.0,False,0.01
2213,1111.982,21.0,8.0,True,0.01
2214,679.371,12.0,6.0,False,0.01
2215,1116.582,29.0,8.0,True,0.01
2216,-66.226,4.0,2.0,False,0.01
2217,3646.898,16.0,9.0,True,0.01
2218,1110.082,19.0,8.0,True,0.01
2219,1111.982,21.0,8.0,True,0.01
2220,229.926,14.0,4.0,False,0.01
2221,1107.782,15.0,8.0,True,0.01
2222,1111.982,21.0,8.0,True,0.01
2223,1110.082,19.0,8.0,True,0.01
2224,-189.7,4.0,1.0,False,0.01
2225,-64.476,9.0,2.0,False,0.01
2226,1110.482,21.0,8.0,True,0.01
2227,1105.882,13.0,8.0,True,0.01
2228,224.776,7.0,4.0,False,0.01
2229,890.225,21.0,7.0,False,0.01
2230,1111.582,19.0,8.0,True,0.01
2231,1105.882,13.0,8.0,True,0.01
2232,682.221,15.0,6.0,False,0.01
2233,1110.082,19.0,8.0,True,0.01
2234,1111.982,21.0,8.0,True,0.01
2235,-189.15,3.0,1.0,False,0.01
2236,1106.682,17.0,8.0,True,0.01
2237,3647.298,18.0,9.0,True,0.01
2238,1109.682,17.0,8.0,True,0.01
2239,1107.782,15.0,8.0,True,0.01
2240,1107.232,16.0,8.0,True,0.01
2241,1111.982,21.0,8.0,True,0.01
2242,-65.276,5.0,2.0,False,0.01
2243,226.676,9.0,4.0,False,0.01
2244,1108.582,19.0,8.0,True,0.01
2245,887.525,15.0,7.0,False,0.01
2246,222.876,5.0,4.0,False,0.01
2247,679.921,11.0,6.0,False,0.01
2248,682.221,15.0,6.0,False,0.01
2249,889.425,17.0,7.0,False,0.01
2250,231.426,14.0,4.0,False,0.01
2251,682.371,12.0,6.0,False,0.01
2252,886.425,17.0,7.0,False,0.01
2253,495.613,10.0,5.0,False,0.01
2254,887.525,15.0,7.0,False,0.01
2255,1111.682,27.0,8.0,True,0.01
2256,886.025,15.0,7.0,False,0.01
2257,3650.298,18.0,9.0,True,0.01
2258,891.725,21.0,7.0,False,0.01
2259,-66.226,4.0,2.0,False,0.01
2260,1109.382,23.0,8.0,True,0.01
2261,499.413,14.0,5.0,False,0.01
2262,493.713,8.0,5.0,False,0.01
2263,497.913,14.0,5.0,False,0.01
2264,224.776,7.0,4.0,False,0.01
2265,681.421,11.0,6.0,False,0.01
2266,885.625,13.0,7.0,False,0.01
2267,3649.198,20.0,9.0,True,0.01
2268,3646.898,16.0,9.0,True,0.01
2269,680.321,13.0,6.0,False,0.01
2270,1107.782,15.0,8.0,True,0.01
2271,680.321,13.0,6.0,False,0.01
2272,495.613,10.0,5.0,False,0.01
2273,683.421,21.0,6.0,False,0.01
2274,683.321,13.0,6.0,False,0.01
2275,1108.982,21.0,8.0,True,0.01
2276,3648.398,16.0,9.0,True,0.01
2277,1109.682,17.0,8.0,True,0.01
2278,225.726,8.0,4.0,False,0.01
2279,680.321,13.0,6.0,False,0.01
2280,72.046,6.0,3.0,False,0.01
2281,496.563,11.0,5.0,False,0.01
2282,-64.076,11.0,2.0,False,0.01
2283,1111.982,21.0,8.0,True,0.01
2284,228.576,11.0,4.0,False,0.01
2285,3644.598,12.0,9.0,True,0.01
2286,1112.782,25.0,8.0,True,0.01
2287,684.121,17.0,6.0,False,0.01
2288,1109.682,17.0,8.0,True,0.01
2289,-188.2,4.0,1.0,False,0.01
2290,1106.682,17.0,8.0,True,0.01
2291,226.126,10.0,4.0,False,0.01
2292,883.025,15.0,7.0,False,0.01
2293,3642.698,10.0,9.0,True,0.01
2294,680.471,10.0,6.0,False,0.01
2295,1107.082,19.0,8.0,True,0.01
2296,1107.782,15.0,8.0,True,0.01
2297,1111.982,21.0,8.0,True,0.01
2298,495.613,10.0,5.0,False,0.01
2299,225.726,8.0,4.0,False,0.01
2300,888.725,21.0,7.0,False,0.01
2301,226.676,9.0,4.0,False,0.01
2302,679.621,17.0,6.0,False,0.01
2303,3647.298,18.0,9.0,True,0.01
2304,1111.582,19.0,8.0,True,0.01
2305,1113.582,29.0,8.0,True,0.01
2306,3648.398,16.0,9.0,True,0.01
2307,224.626,10.0,4.0,False,0.01
2308,887.375,18.0,7.0,False,0.01
2309,686.821,23.0,6.0,False,0.01
2310,682.221,15.0,6.0,False,0.01
2311,1103.982,11.0,8.0,True,0.01
2312,1109.532,20.0,8.0,True,0.01
2313,3650.698,20.0,9.0,True,0.01
2314,887.925,17.0,7.0,False,0.01
2315,3648.398,16.0,9.0,True,0.01
2316,493.163,9.0,5.0,False,0.01
2317,1108.582,19.0,8.0,True,0.01
2318,884.125,13.0,7.0,False,0.01
2319,229.926,14.0,4.0,False,0.01
2320,1106.282,15.0,8.0,True,0.01
2321,496.563,11.0,5.0,False,0.01
2322,1111.582,19.0,8.0,True,0.01
2323,1106.282,15.0,8.0,True,0.01
2324,-190.8,6.0,1.0,False,0.01
2325,1108.732,16.0,8.0,True,0.01
2326,683.321,13.0,6.0,False,0.01
2327,1110.332,24.0,8.0,True,0.01
2328,886.025,15.0,7.0,False,0.01
2329,230.326,16.0,4.0,False,0.01
2330,886.975,16.0,7.0,False,0.01
2331,885.625,13.0,7.0,False,0.01
2332,890.775,20.0,7.0,False,0.01
2333,681.821,13.0,6.0,False,0.01
2334,-299.1,2.0,0.0,False,0.01
2335,228.026,12.0,4.0,False,0.01
2336,496.563,11.0,5.0,False,0.01
2337,1112.382,23.0,8.0,True,0.01
2338,893.225,21.0,7.0,False,0.01
2339,1107.782,15.0,8.0,True,0.01
2340,1105.882,13.0,8.0,True,0.01
2341,226.676,9.0,4.0,False,0.01
2342,3646.898,16.0,9.0,True,0.01
2343,1109.682,17.0,8.0,True,0.01
2344,73.946,8.0,3.0,False,0.01
2345,499.813,16.0,5.0,False,0.01
2346,690.071,28.0,6.0,False,0.01
2347,1112.382,23.0,8.0,True,0.01
2348,1109.682,17.0,8.0,True,0.01
2349,1111.982,21.0,8.0,True,0.01
2350,1108.982,21.0,8.0,True,0.01
2351,1106.282,15.0,8.0,True,0.01
2352,1108.582,19.0,8.0,True,0.01
2353,1113.482,21.0,8.0,True,0.01
2354,3648.398,16.0,9.0,True,0.01
2355,885.625,13.0,7.0,False,0.01
2356,1111.582,19.0,8.0,True,0.01
2357,3649.198,20.0,9.0,True,0.01
2358,686.571,18.0,6.0,False,0.01
2359,1111.582,19.0,8.0,True,0.01
2360,1110.482,21.0,8.0,True,0.01
2361,3651.098,22.0,9.0,True,0.01
2362,1108.182,17.0,8.0,True,0.01
2363,1109.682,17.0,8.0,True,0.01
2364,684.671,16.0,6.0,False,0.01
2365,682.621,17.0,6.0,False,0.01
2366,-64.326,6.0,2.0,False,0.01
2367,226.676,9.0,4.0,False,0.01
2368,3649.598,22.0,9.0,True,0.01
2369,223.826,6.0,4.0,False,0.01
2370,227.626,10.0,4.0,False,0.01
2371,3647.298,18.0,9.0,True,0.01
2372,1106.682,17.0,8.0,True,0.01
2373,70.946,8.0,3.0,False,0.01
2374,680.471,10.0,6.0,False,0.01
2375,1106.282,15.0,8.0,True,0.01
2376,226.676,9.0,4.0,False,0.01
2377,1107.782,15.0,8.0,True,0.01
2378,1111.582,19.0,8.0,True,0.01
2379,1103.982,11.0,8.0,True,0.01
2380,681.821,13.0,6.0,False,0.01
2381,686.571,18.0,6.0,False,0.01
2382,1105.882,13.0,8.0,True,0.01
2383,1109.382,23.0,8.0,True,0.01
2384,1109.682,17.0,8.0,True,0.01
2385,1109.682,17.0,8.0,True,0.01
2386,1107.782,15.0,8.0,True,0.01
2387,-189.15,3.0,1.0,False,0.01
2388,1108.182,17.0,8.0,True,0.01
2389,685.621,17.0,6.0,False,0.01
2390,886.025,15.0,7.0,False,0.01
2391,1110.082,19.0,8.0,True,0.01
2392,1110.482,21.0,8.0,True,0.01
2393,1113.482,21.0,8.0,True,0.01
2394,684.671,16.0,6.0,False,0.01
2395,1114.382,33.0,8.0,True,0.01
2396,681.821,13.0,6.0,False,0.01
2397,1113.482,21.0,8.0,True,0.01
2398,75.846,10.0,3.0,False,0.01
2399,228.026,12.0,4.0,False,0.01
2400,1115.082,29.0,8.0,True,0.01
2401,681.421,11.0,6.0,False,0.01
2402,1111.582,19.0,8.0,True,0.01
2403,681.821,13.0,6.0,False,0.01
2404,1108.182,17.0,8.0,True,0.01
2405,682.771,14.0,6.0,False,0.01
2406,228.826,16.0,4.0,False,0.01
2407,887.375,18.0,7.0,False,0.01
2408,1106.682,17.0,8.0,True,0.01
2409,3646.498,14.0,9.0,True,0.01
2410,225.176,9.0,4.0,False,0.01
2411,685.621,17.0,6.0,False,0.01
2412,1113.182,27.0,8.0,True,0.01
2413,888.475,16.0,7.0,False,0.01
2414,1110.082,19.0,8.0,True,0.01
2415,3648.398,16.0,9.0,True,0.01
2416,1106.682,17.0,8.0,True,0.01
2417,1110.482,21.0,8.0,True,0.01
2418,1105.882,13.0,8.0,True,0.01
2419,884.375,18.0,7.0,False,0.01
2420,682.771,14.0,6.0,False,0.01
2421,497.363,15.0,5.0,False,0.01
2422,228.426,14.0,4.0,False,0.01
2423,3652.598,22.0,9.0,True,0.01
2424,683.321,13.0,6.0,False,0.01
2425,1111.582,19.0,8.0,True,0.01
2426,499.813,16.0,5.0,False,0.01
2427,3644.598,12.0,9.0,True,0.01
2428,224.776,7.0,4.0,False,0.01
2429,1105.882,13.0,8.0,True,0.01
2430,683.721,15.0,6.0,False,0.01
2431,3646.498,14.0,9.0,True,0.01
2432,3650.698,20.0,9.0,True,0.01
2433,1107.232,16.0,8.0,True,0.01
2434,498.713,18.0,5.0,False,0.01
2435,1109.682,17.0,8.0,True,0.01
2436,226.126,10.0,4.0,False,0.01
2437,1110.482,21.0,8.0,True,0.01
2438,1111.432,22.0,8.0,True,0.01
2439,683.721,15.0,6.0,False,0.01
2440,1113.482,21.0,8.0,True,0.01
2441,3650.298,18.0,9.0,True,0.01
2442,689.421,21.0,6.0,False,0.01
2443,885.625,13.0,7.0,False,0.01
2444,226.776,17.0,4.0,False,0.01
2445,225.176,9.0,4.0,False,0.01
2446,3646.498,14.0,9.0,True,0.01
2447,1110.482,21.0,8.0,True,0.01
2448,893.225,21.0,7.0,False,0.01
2449,1106.282,15.0,8.0,True,0.01
2450,889.425,17.0,7.0,False,0.01
2451,887.925,17.0,7.0,False,0.01
2452,1108.182,17.0,8.0,True,0.01
2453,3647.698,20.0,9.0,True,0.01
2454,496.963,13.0,5.0,False,0.01
2455,682.371,12.0,6.0,False,0.01
2456,224.776,7.0,4.0,False,0.01
2457,888.475,16.0,7.0,False,0.01
2458,1104.382,13.0,8.0,True,0.01
2459,3646.898,16.0,9.0,True,0.01
2460,226.676,9.0,4.0,False,0.01
2461,1110.482,21.0,8.0,True,0.01
2462,681.421,11.0,6.0,False,0.01
2463,681.821,13.0,6.0,False,0.01
2464,496.963,13.0,5.0,False,0.01
2465,1109.682,17.0,8.0,True,0.01
2466,3652.598,22.0,9.0,True,0.01
2467,3652.198,20.0,9.0,True,0.01
2468,3647.298,18.0,9.0,True,0.01
2469,1108.582,19.0,8.0,True,0.01
2470,1107.782,15.0,8.0,True,0.01
2471,3651.498,24.0,9.0,True,0.01
2472,683.321,13.0,6.0,False,0.01
2473,3648.798,18.0,9.0,True,0.01
2474,1108.182,17.0,8.0,True,0.01
2475,1108.582,19.0,8.0,True,0.01
2476,3652.998,24.0,9.0,True,0.01
2477,1108.182,17.0,8.0,True,0.01
2478,1107.782,15.0,8.0,True,0.01
2479,1108.982,21.0,8.0,True,0.01
2480,3644.598,12.0,9.0,True,0.01
2481,1108.182,17.0,8.0,True,0.01
2482,226.676,9.0,4.0,False,0.01
2483,684.671,16.0,6.0,False,0.01
2484,1111.982,21.0,8.0,True,0.01
2485,684.121,17.0,6.0,False,0.01
2486,1107.782,15.0,8.0,True,0.01
2487,1104.382,13.0,8.0,True,0.01
2488,681.421,11.0,6.0,False,0.01
2489,1110.882,23.0,8.0,True,0.01
2490,1107.482,21.0,8.0,True,0.01
2491,683.021,19.0,6.0,False,0.01
2492,3646.898,16.0,9.0,True,0.01
2493,1108.182,17.0,8.0,True,0.01
2494,1108.182,17.0,8.0,True,0.01
2495,1106.282,15.0,8.0,True,0.01
2496,685.621,17.0,6.0,False,0.01
2497,681.421,11.0,6.0,False,0.01
2498,494.663,9.0,5.0,False,0.01
2499,1107.782,15.0,8.0,True,0.01
2500,681.421,11.0,6.0,False,0.01
2501,3646.898,16.0,9.0,True,0.01
2502,1113.482,21.0,8.0,True,0.01
2503,495.463,13.0,5.0,False,0.01
2504,227.326,16.0,4.0,False,0.01
2505,1110.482,21.0,8.0,True,0.01
2506,1106.282,15.0,8.0,True,0.01
2507,889.825,19.0,7.0,False,0.01
2508,1108.582,19.0,8.0,True,0.01
2509,682.771,14.0,6.0,False,0.01
2510,681.421,11.0,6.0,False,0.01
2511,494.663,9.0,5.0,False,0.01
2512,228.426,14.0,4.0,False,0.01
2513,-299.1,2.0,0.0,False,0.01
2514,1113.482,21.0,8.0,True,0.01
2515,1110.482,21.0,8.0,True,0.01
2516,-66.226,4.0,2.0,False,0.01
2517,1108.182,17.0,8.0,True,0.01
2518,228.026,12.0,4.0,False,0.01
2519,1106.282,15.0,8.0,True,0.01
2520,-66.226,4.0,2.0,False,0.01
2521,3648.398,16.0,9.0,True,0.01
2522,888.325,19.0,7.0,False,0.01
2523,888.725,21.0,7.0,False,0.01
2524,224.776,7.0,4.0,False,0.01
2525,1113.482,21.0,8.0,True,0.01
2526,226.526,12.0,4.0,False,0.01
2527,1107.782,15.0,8.0,True,0.01
2528,1110.482,21.0,8.0,True,0.01
2529,888.325,19.0,7.0,False,0.01
2530,681.821,13.0,6.0,False,0.01
2531,1110.082,19.0,8.0,True,0.01
2532,3648.398,16.0,9.0,True,0.01
2533,1111.282,25.0,8.0,True,0.01
2534,1110.482,21.0,8.0,True,0.01
2535,888.325,19.0,7.0,False,0.01
2536,496.963,13.0,5.0,False,0.01
2537,3650.298,18.0,9.0,True,0.01
2538,1107.782,15.0,8.0,True,0.01
2539,3646.898,16.0,9.0,True,0.01
2540,1114.282,25.0,8.0,True,0.01
2541,683.021,19.0,6.0,False,0.01
2542,227.626,10.0,4.0,False,0.01
2543,887.775,20.0,7.0,False,0.01
2544,1111.582,19.0,8.0,True,0.01
2545,1109.682,17.0,8.0,True,0.01
2546,1105.882,13.0,8.0,True,0.01
2547,1108.732,16.0,8.0,True,0.01
2548,498.463,13.0,5.0,False,0.01
2549,3650.698,20.0,9.0,True,0.01
2550,1114.682,27.0,8.0,True,0.01
2551,1110.882,23.0,8.0,True,0.01
2552,1105.882,13.0,8.0,True,0.01
2553,1112.382,23.0,8.0,True,0.01
2554,225.726,8.0,4.0,False,0.01
2555,1115.782,25.0,8.0,True,0.01
2556,225.576,11.0,4.0,False,0.01
2557,497.913,14.0,5.0,False,0.01
2558,1110.082,19.0,8.0,True,0.01
2559,227.076,11.0,4.0,False,0.01
2560,1111.582,19.0,8.0,True,0.01
2561,1110.482,21.0,8.0,True,0.01
2562,492.763,7.0,5.0,False,0.01
2563,1108.582,19.0,8.0,True,0.01
2564,1108.982,21.0,8.0,True,0.01
2565,1108.182,17.0,8.0,True,0.01
2566,1110.482,21.0,8.0,True,0.01
2567,1105.882,13.0,8.0,True,0.01
2568,1105.882,13.0,8.0,True,0.01
2569,226.126,10.0,4.0,False,0.01
2570,496.413,14.0,5.0,False,0.01
2571,1106.282,15.0,8.0,True,0.01
2572,1112.382,23.0,8.0,True,0.01
2573,1108.982,21.0,8.0,True,0.01
2574,1106.282,15.0,8.0,True,0.01
2575,683.321,13.0,6.0,False,0.01
2576,887.525,15.0,7.0,False,0.01
2577,887.525,15.0,7.0,False,0.01
2578,1109.782,25.0,8.0,True,0.01
2579,683.321,13.0,6.0,False,0.01
2580,1110.482,21.0,8.0,True,0.01
2581,226.676,9.0,4.0,False,0.01
2582,3648.398,16.0,9.0,True,0.01
2583,3648.398,16.0,9.0,True,0.01
2584,683.571,18.0,6.0,False,0.01
2585,1111.282,25.0,8.0,True,0.01
2586,1108.582,19.0,8.0,True,0.01
2587,1108.582,19.0,8.0,True,0.01
2588,228.026,12.0,4.0,False,0.01
2589,3651.098,22.0,9.0,True,0.01
2590,1108.582,19.0,8.0,True,0.01
2591,3649.998,24.0,9.0,True,0.01
2592,1111.982,21.0,8.0,True,0.01
2593,73.946,8.0,3.0,False,0.01
2594,1110.082,19.0,8.0,True,0.01
2595,687.521,19.0,6.0,False,0.01
2596,1113.482,21.0,8.0,True,0.01
2597,3649.198,20.0,9.0,True,0.01
2598,1110.482,21.0,8.0,True,0.01
2599,225.176,9.0,4.0,False,0.01
2600,1107.082,19.0,8.0,True,0.01
2601,1109.682,17.0,8.0,True,0.01
2602,226.126,10.0,4.0,False,0.01
2603,681.821,13.0,6.0,False,0.01
2604,680.321,13.0,6.0,False,0.01
2605,687.121,17.0,6.0,False,0.01
2606,-188.2,4.0,1.0,False,0.01
2607,499.413,14.0,5.0,False,0.01
2608,885.075,14.0,7.0,False,0.01
2609,1109.682,17.0,8.0,True,0.01
2610,1108.182,17.0,8.0,True,0.01
2611,1108.582,19.0,8.0,True,0.01
2612,1109.382,23.0,8.0,True,0.01
2613,3649.198,20.0,9.0,True,0.01
2614,1110.482,21.0,8.0,True,0.01
2615,1105.882,13.0,8.0,True,0.01
2616,1110.082,19.0,8.0,True,0.01
2617,679.521,9.0,6.0,False,0.01
2618,685.221,15.0,6.0,False,0.01
2619,889.425,17.0,7.0,False,0.01
2620,224.776,7.0,4.0,False,0.01
2621,1108.732,16.0,8.0,True,0.01
2622,501.313,16.0,5.0,False,0.01
2623,1105.732,16.0,8.0,True,0.01
2624,1106.832,14.0,8.0,True,0.01
2625,1110.482,21.0,8.0,True,0.01
2626,887.525,15.0,7.0,False,0.01
2627,1114.682,27.0,8.0,True,0.01
2628,1110.082,19.0,8.0,True,0.01
2629,887.525,15.0,7.0,False,0.01
2630,1112.782,25.0,8.0,True,0.01
2631,3647.298,18.0,9.0,True,0.01
2632,1112.782,25.0,8.0,True,0.01
2633,682.371,12.0,6.0,False,0.01
2634,884.125,13.0,7.0,False,0.01
2635,886.425,17.0,7.0,False,0.01
2636,681.421,11.0,6.0,False,0.01
2637,1108.582,19.0,8.0,True,0.01
2638,1108.182,17.0,8.0,True,0.01
2639,223.276,7.0,4.0,False,0.01
2640,1108.582,19.0,8.0,True,0.01
2641,687.121,17.0,6.0,False,0.01
2642,680.871,12.0,6.0,False,0.01
2643,498.863,15.0,5.0,False,0.01
2644,682.221,15.0,6.0,False,0.01
2645,1111.432,22.0,8.0,True,0.01
2646,1111.582,19.0,8.0,True,0.01
2647,1110.882,23.0,8.0,True,0.01
2648,1107.232,16.0,8.0,True,0.01
2649,1110.082,19.0,8.0,True,0.01
2650,3650.698,20.0,9.0,True,0.01
2651,1107.782,15.0,8.0,True,0.01
2652,679.521,9.0,6.0,False,0.01
2653,1109.682,17.0,8.0,True,0.01
2654,72.846,10.0,3.0,False,0.01
2655,1106.682,17.0,8.0,True,0.01
2656,1106.282,15.0,8.0,True,0.01
2657,1110.482,21.0,8.0,True,0.01
2658,680.321,13.0,6.0,False,0.01
2659,3646.498,14.0,9.0,True,0.01
2660,683.321,13.0,6.0,False,0.01
2661,1106.282,15.0,8.0,True,0.01
2662,3649.598,22.0,9.0,True,0.01
2663,1110.082,19.0,8.0,True,0.01
2664,1107.782,15.0,8.0,True,0.01
2665,1108.182,17.0,8.0,True,0.01
2666,885.625,13.0,7.0,False,0.01
2667,1108.182,17.0,8.0,True,0.01
2668,1107.782,15.0,8.0,True,0.01
2669,-66.226,4.0,2.0,False,0.01
2670,499.813,16.0,5.0,False,0.01
2671,-65.276,5.0,2.0,False,0.01
2672,3650.698,20.0,9.0,True,0.01
2673,3647.698,20.0,9.0,True,0.01
2674,3649.598,22.0,9.0,True,0.01
2675,3650.298,18.0,9.0,True,0.01
2676,1111.982,21.0,8.0,True,0.01
2677,-187.25,5.0,1.0,False,0.01
2678,3648.398,16.0,9.0,True,0.01
2679,1111.982,21.0,8.0,True,0.01
2680,224.776,7.0,4.0,False,0.01
2681,683.721,15.0,6.0,False,0.01
2682,683.721,15.0,6.0,False,0.01
2683,891.725,21.0,7.0,False,0.01
2684,3650.298,18.0,9.0,True,0.01
2685,497.513,12.0,5.0,False,0.01
2686,3649.198,20.0,9.0,True,0.01
2687,1110.482,21.0,8.0,True,0.01
2688,682.371,12.0,6.0,False,0.01
2689,1108.582,19.0,8.0,True,0.01
2690,887.525,15.0,7.0,False,0.01
2691,3648.398,16.0,9.0,True,0.01
2692,883.725,11.0,7.0,False,0.01
2693,227.626,10.0,4.0,False,0.01
2694,3650.698,20.0,9.0,True,0.01
2695,226.376,15.0,4.0,False,0.01
2696,1111.582,19.0,8.0,True,0.01
2697,1110.082,19.0,8.0,True,0.01
2698,893.225,21.0,7.0,False,0.01
2699,1111.582,19.0,8.0,True,0.01
2700,1113.882,23.0,8.0,True,0.01
2701,1109.682,17.0,8.0,True,0.01
2702,-189.15,3.0,1.0,False,0.01
2703,1111.582,19.0,8.0,True,0.01
2704,1112.382,23.0,8.0,True,0.01
2705,1107.482,21.0,8.0,True,0.01
2706,685.221,15.0,6.0,False,0.01
2707,3650.298,18.0,9.0,True,0.01
2708,3651.098,22.0,9.0,True,0.01
2709,1109.682,17.0,8.0,True,0.01
2710,1109.682,17.0,8.0,True,0.01
2711,884.125,13.0,7.0,False,0.01
2712,1110.482,21.0,8.0,True,0.01
2713,1106.682,17.0,8.0,True,0.01
2714,885.875,18.0,7.0,False,0.01
2715,1107.782,15.0,8.0,True,0.01
2716,891.725,21.0,7.0,False,0.01
2717,681.821,13.0,6.0,False,0.01
2718,887.525,15.0,7.0,False,0.01
2719,227.076,11.0,4.0,False,0.01
2720,684.271,14.0,6.0,False,0.01
2721,1105.882,13.0,8.0,True,0.01
2722,1107.782,15.0,8.0,True,0.01
2723,494.663,9.0,5.0,False,0.01
2724,3646.898,16.0,9.0,True,0.01
2725,223.676,9.0,4.0,False,0.01
2726,683.971,20.0,6.0,False,0.01
2727,1112.382,23.0,8.0,True,0.01
2728,1108.182,17.0,8.0,True,0.01
2729,1114.682,27.0,8.0,True,0.01
2730,1104.382,13.0,8.0,True,0.01
2731,1111.982,21.0,8.0,True,0.01
2732,1107.782,15.0,8.0,True,0.01
2733,684.271,14.0,6.0,False,0.01
2734,885.625,13.0,7.0,False,0.01
2735,3648.398,16.0,9.0,True,0.01
2736,1109.682,17.0,8.0,True,0.01
2737,224.776,7.0,4.0,False,0.01
2738,1109.682,17.0,8.0,True,0.01
2739,1112.782,25.0,8.0,True,0.01
2740,71.096,5.0,3.0,False,0.01
2741,1110.882,23.0,8.0,True,0.01
2742,889.425,17.0,7.0,False,0.01
2743,1108.432,22.0,8.0,True,0.01
2744,3651.898,26.0,9.0,True,0.01
2745,496.013,12.0,5.0,False,0.01
2746,3648.798,18.0,9.0,True,0.01
2747,-299.1,2.0,0.0,False,0.01
2748,227.626,10.0,4.0,False,0.01
2749,3647.698,20.0,9.0,True,0.01
2750,-189.15,3.0,1.0,False,0.01
2751,1105.882,13.0,8.0,True,0.01
2752,1111.282,25.0,8.0,True,0.01
2753,493.713,8.0,5.0,False,0.01
2754,497.913,14.0,5.0,False,0.01
2755,1108.582,19.0,8.0,True,0.01
2756,3650.298,18.0,9.0,True,0.01
2757,224.776,7.0,4.0,False,0.01
2758,3648.398,16.0,9.0,True,0.01
2759,227.476,13.0,4.0,False,0.01
2760,1103.982,11.0,8.0,True,0.01
2761,1112.782,25.0,8.0,True,0.01
2762,1108.182,17.0,8.0,True,0.01
2763,227.626,10.0,4.0,False,0.01
2764,496.963,13.0,5.0,False,0.01
2765,3647.298,18.0,9.0,True,0.01
2766,679.921,11.0,6.0,False,0.01
2767,1108.982,21.0,8.0,True,0.01
2768,1107.782,15.0,8.0,True,0.01
2769,1106.282,15.0,8.0,True,0.01
2770,886.425,17.0,7.0,False,0.01
2771,1105.882,13.0,8.0,True,0.01
2772,890.625,23.0,7.0,False,0.01
2773,491.813,6.0,5.0,False,0.01
2774,1110.082,19.0,8.0,True,0.01
2775,1113.882,23.0,8.0,True,0.01
2776,680.721,15.0,6.0,False,0.01
2777,681.821,13.0,6.0,False,0.01
2778,1105.882,13.0,8.0,True,0.01
2779,223.826,6.0,4.0,False,0.01
2780,1105.332,14.0,8.0,True,0.01
2781,3646.498,14.0,9.0,True,0.01
2782,1108.182,17.0,8.0,True,0.01
2783,885.625,13.0,7.0,False,0.01
2784,687.121,17.0,6.0,False,0.01
2785,1110.482,21.0,8.0,True,0.01
2786,683.421,21.0,6.0,False,0.01
2787,493.163,9.0,5.0,False,0.01
2788,1110.082,19.0,8.0,True,0.01
2789,-63.376,7.0,2.0,False,0.01
2790,1108.182,17.0,8.0,True,0.01
2791,1113.182,27.0,8.0,True,0.01
2792,228.026,12.0,4.0,False,0.01
2793,3644.598,12.0,9.0,True,0.01
2794,3650.398,26.0,9.0,True,0.01
2795,1107.232,16.0,8.0,True,0.01
2796,496.963,13.0,5.0,False,0.01
2797,224.226,8.0,4.0,False,0.01
2798,227.626,10.0,4.0,False,0.01
2799,1110.482,21.0,8.0,True,0.01
2800,1108.582,19.0,8.0,True,0.01
2801,1110.082,19.0,8.0,True,0.01
2802,227.626,10.0,4.0,False,0.01
2803,683.721,15.0,6.0,False,0.01
2804,3644.998,14.0,9.0,True,0.01
2805,1106.682,17.0,8.0,True,0.01
2806,1108.582,19.0,8.0,True,0.01
2807,682.621,17.0,6.0,False,0.01
2808,224.776,7.0,4.0,False,0.01
2809,681.821,13.0,6.0,False,0.01
2810,493.713,8.0,5.0,False,0.01
2811,3650.298,18.0,9.0,True,0.01
2812,1110.082,19.0,8.0,True,0.01
2813,3646.898,16.0,9.0,True,0.01
2814,1103.982,11.0,8.0,True,0.01
2815,1108.582,19.0,8.0,True,0.01
2816,1111.582,19.0,8.0,True,0.01
2817,1108.182,17.0,8.0,True,0.01
2818,228.026,12.0,4.0,False,0.01
2819,1110.482,21.0,8.0,True,0.01
2820,1110.082,19.0,8.0,True,0.01
2821,3649.198,20.0,9.0,True,0.01
2822,681.421,11.0,6.0,False,0.01
2823,224.776,7.0,4.0,False,0.01
2824,223.826,6.0,4.0,False,0.01
2825,-67.176,3.0,2.0,False,0.01
2826,887.925,17.0,7.0,False,0.01
2827,3646.498,14.0,9.0,True,0.01
2828,224.776,7.0,4.0,False,0.01
2829,-190.1,2.0,1.0,False,0.01
2830,225.176,9.0,4.0,False,0.01
2831,1111.582,19.0,8.0,True,0.01
2832,1111.582,19.0,8.0,True,0.01
2833,3647.698,20.0,9.0,True,0.01
2834,3652.598,22.0,9.0,True,0.01
2835,491.813,6.0,5.0,False,0.01
2836,1107.782,15.0,8.0,True,0.01
2837,228.026,12.0,4.0,False,0.01
2838,1116.332,24.0,8.0,True,0.01
2839,74.896,9.0,3.0,False,0.01
2840,3646.898,16.0,9.0,True,0.01
2841,1107.782,15.0,8.0,True,0.01
2842,223.826,6.0,4.0,False,0.01
2843,-65.276,5.0,2.0,False,0.01
2844,3650.698,20.0,9.0,True,0.01
2845,1112.382,23.0,8.0,True,0.01
2846,3646.498,14.0,9.0,True,0.01
2847,227.076,11.0,4.0,False,0.01
2848,1112.782,25.0,8.0,True,0.01
2849,1107.782,15.0,8.0,True,0.01
2850,885.075,14.0,7.0,False,0.01
2851,1108.182,17.0,8.0,True,0.01
2852,888.325,19.0,7.0,False,0.01
2853,3645.398,16.0,9.0,True,0.01
2854,1108.582,19.0,8.0,True,0.01
2855,1106.282,15.0,8.0,True,0.01
2856,683.171,16.0,6.0,False,0.01
2857,1113.182,27.0,8.0,True,0.01
2858,1107.782,15.0,8.0,True,0.01
2859,1107.232,16.0,8.0,True,0.01
2860,1111.432,22.0,8.0,True,0.01
2861,1109.682,17.0,8.0,True,0.01
2862,3656.798,28.0,9.0,True,0.01
2863,1113.182,27.0,8.0,True,0.01
2864,3650.298,18.0,9.0,True,0.01
2865,1108.982,21.0,8.0,True,0.01
2866,1113.482,21.0,8.0,True,0.01
2867,1108.982,21.0,8.0,True,0.01
2868,1106.682,17.0,8.0,True,0.01
2869,229.376,15.0,4.0,False,0.01
2870,3647.298,18.0,9.0,True,0.01
2871,686.421,21.0,6.0,False,0.01
2872,685.221,15.0,6.0,False,0.01
2873,1107.482,21.0,8.0,True,0.01
2874,224.776,7.0,4.0,False,0.01
2875,1109.382,23.0,8.0,True,0.01
2876,227.626,10.0,4.0,False,0.01
2877,3644.598,12.0,9.0,True,0.01
2878,886.825,19.0,7.0,False,0.01
2879,685.221,15.0,6.0,False,0.01
2880,228.976,13.0,4.0,False,0.01
2881,1112.782,25.0,8.0,True,0.01
2882,1107.632,18.0,8.0,True,0.01
2883,492.213,8.0,5.0,False,0.01
2884,502.113,20.0,5.0,False,0.01
2885,1106.682,17.0,8.0,True,0.01
2886,683.321,13.0,6.0,False,0.01
2887,1107.782,15.0,8.0,True,0.01
2888,1111.982,21.0,8.0,True,0.01
2889,1110.882,23.0,8.0,True,0.01
2890,1107.782,15.0,8.0,True,0.01
2891,3648.398,16.0,9.0,True,0.01
2892,1110.082,19.0,8.0,True,0.01
2893,226.676,9.0,4.0,False,0.01
2894,1108.982,21.0,8.0,True,0.01
2895,3649.198,20.0,9.0,True,0.01
2896,684.121,17.0,6.0,False,0.01
2897,1109.382,23.0,8.0,True,0.01
2898,3646.498,14.0,9.0,True,0.01
2899,228.976,13.0,4.0,False,0.01
2900,1108.582,19.0,8.0,True,0.01
2901,3650.298,18.0,9.0,True,0.01
2902,887.525,15.0,7.0,False,0.01
2903,224.776,7.0,4.0,False,0.01
2904,1110.482,21.0,8.0,True,0.01
2905,1111.582,19.0,8.0,True,0.01
2906,1106.282,15.0,8.0,True,0.01
2907,1110.882,23.0,8.0,True,0.01
2908,683.321,13.0,6.0,False,0.01
2909,1109.382,23.0,8.0,True,0.01
2910,1111.982,21.0,8.0,True,0.01
2911,3651.498,24.0,9.0,True,0.01
2912,228.826,16.0,4.0,False,0.01
2913,497.513,12.0,5.0,False,0.01
2914,227.626,10.0,4.0,False,0.01
2915,224.776,7.0,4.0,False,0.01
2916,-64.326,6.0,2.0,False,0.01
2917,1110.482,21.0,8.0,True,0.01
2918,1111.582,19.0,8.0,True,0.01
2919,1112.782,25.0,8.0,True,0.01
2920,3645.398,16.0,9.0,True,0.01
2921,889.825,19.0,7.0,False,0.01
2922,1108.182,17.0,8.0,True,0.01
2923,73.946,8.0,3.0,False,0.01
2924,3649.198,20.0,9.0,True,0.01
2925,680.471,10.0,6.0,False,0.01
2926,-63.926,8.0,2.0,False,0.01
2927,1105.882,13.0,8.0,True,0.01
2928,228.026,12.0,4.0,False,0.01
2929,493.713,8.0,5.0,False,0.01
2930,680.321,13.0,6.0,False,0.01
2931,883.725,11.0,7.0,False,0.01
2932,1108.182,17.0,8.0,True,0.01
2933,892.525,25.0,7.0,False,0.01
2934,887.525,15.0,7.0,False,0.01
2935,685.221,15.0,6.0,False,0.01
2936,1108.182,17.0,8.0,True,0.01
2937,225.726,8.0,4.0,False,0.01
2938,-65.276,5.0,2.0,False,0.01
2939,681.421,11.0,6.0,False,0.01
2940,225.726,8.0,4.0,False,0.01
2941,1108.182,17.0,8.0,True,0.01
2942,886.025,15.0,7.0,False,0.01
2943,497.913,14.0,5.0,False,0.01
2944,-67.176,3.0,2.0,False,0.01
2945,495.063,11.0,5.0,False,0.01
2946,495.063,11.0,5.0,False,0.01
2947,1107.782,15.0,8.0,True,0.01
2948,1106.282,15.0,8.0,True,0.01
2949,229.376,15.0,4.0,False,0.01
2950,226.676,9.0,4.0,False,0.01
2951,228.576,11.0,4.0,False,0.01
2952,1105.882,13.0,8.0,True,0.01
2953,681.421,11.0,6.0,False,0.01
2954,1112.382,23.0,8.0,True,0.01
2955,226.676,9.0,4.0,False,0.01
2956,1107.782,15.0,8.0,True,0.01
2957,225.726,8.0,4.0,False,0.01
2958,3650.698,20.0,9.0,True,0.01
2959,1110.082,19.0,8.0,True,0.01
2960,494.663,9.0,5.0,False,0.01
2961,1105.882,13.0,8.0,True,0.01
2962,71.096,5.0,3.0,False,0.01
2963,1110.082,19.0,8.0,True,0.01
2964,1105.332,14.0,8.0,True,0.01
2965,3649.198,20.0,9.0,True,0.01
2966,1108.582,19.0,8.0,True,0.01
2967,1106.682,17.0,8.0,True,0.01
2968,1107.782,15.0,8.0,True,0.01
2969,1109.682,17.0,8.0,True,0.01
2970,887.525,15.0,7.0,False,0.01
2971,1107.782,15.0,8.0,True,0.01
2972,3648.798,18.0,9.0,True,0.01
2973,889.825,19.0,7.0,False,0.01
2974,1105.882,13.0,8.0,True,0.01
2975,3646.898,16.0,9.0,True,0.01
2976,1107.482,21.0,8.0,True,0.01
2977,1113.482,21.0,8.0,True,0.01
2978,1106.532,20.0,8.0,True,0.01
2979,687.121,17.0,6.0,False,0.01
2980,1108.182,17.0,8.0,True,0.01
2981,1112.782,25.0,8.0,True,0.01
2982,1109.682,17.0,8.0,True,0.01
2983,1111.282,25.0,8.0,True,0.01
2984,889.275,20.0,7.0,False,0.01
2985,681.421,11.0,6.0,False,0.01
2986,679.521,9.0,6.0,False,0.01
2987,1110.482,21.0,8.0,True,0.01
2988,224.776,7.0,4.0,False,0.01
2989,1104.382,13.0,8.0,True,0.01
2990,501.163,19.0,5.0,False,0.01
2991,499.813,16.0,5.0,False,0.01
2992,1110.082,19.0,8.0,True,0.01
2993,3649.598,22.0,9.0,True,0.01
2994,680.321,13.0,6.0,False,0.01
2995,1114.282,25.0,8.0,True,0.01
2996,1113.882,23.0,8.0,True,0.01
2997,1109.682,17.0,8.0,True,0.01
2998,884.525,15.0,7.0,False,0.01
2999,1107.782,15.0,8.0,True,0.01
